"","objectId","event","unixtime","m_PM1_CF1","m_PM1_ATM","m_PM1_b","m_PM25_CF1","m_PM25_ATM","m_PM25_b","m_PM4_b","m_PM10_CF1","m_PM10_ATM","m_PM10_b","n_PM03_P","n_PM05_P","n_PM05_b","n_PM1_P","n_PM1_b","n_PM25_P","n_PM25_b","n_PM4_b","tempC_pms","rh_pms","n_PM10_b","typ_size_b","temp_C","tempC_sen5x","rh","rh_sen5x","o3","vocIdx","noxIdx","lat","lon","alt","sats","counter","moos","ver","coreid","published_at","createdAt","updatedAt","date"
"1","wmppxhCurW","MOOSPMv3Parser",1739232601,0,0,1,1,1,1,1,1,1,1,268,71,55610,9,6,0,6,6,17,18,6,0,15,18,28,26,510.658,35,38,36.13903,-120.368233,176.981003,6,600,58,3,"e00fce6835b6173deb1a1f49",2025-02-11 00:09:58,2025-02-11 00:09:58,2025-02-11 00:09:58,2025-02-11
"2","ThLP3D5EFU","MOOSPMv3Parser",1739232600,12,12,7,18,18,7,7,18,18,7,2157,641,27396,107,55,5,55,55,17,37,55,0,17,18,39,38,509.346,10,11,36.785446,-119.773094,70.817001,6,600,58,3,"e00fce6856818e5885f65487",2025-02-11 00:09:59,2025-02-11 00:09:59,2025-02-11 00:09:59,2025-02-11
"3","GZTnfBFsj9","MOOSPMv3Parser",1739233201,0,0,1,1,1,1,1,1,1,1,249,65,55614,7,6,0,6,6,16,19,6,0,15,17,29,27,510.614,20,52,36.139023,-120.368301,174.612,7,600,58,3,"e00fce6835b6173deb1a1f49",2025-02-11 00:19:58,2025-02-11 00:19:58,2025-02-11 00:19:58,2025-02-11
"4","lfbFOino4h","MOOSPMv3Parser",1739233200,12,12,7,17,17,7,7,17,17,7,2132,627,27442,101,53,4,54,54,17,37,54,0,17,18,38,38,509.477,12,11,36.785343,-119.773087,70.539001,5,600,58,3,"e00fce6856818e5885f65487",2025-02-11 00:19:59,2025-02-11 00:19:59,2025-02-11 00:19:59,2025-02-11
"5","GOeLv0YhcH","MOOSPMv3Parser",1739233800,12,12,7,17,17,7,7,18,18,7,2145,636,27490,100,55,4,55,55,17,38,55,0,16,18,40,39,509.472,14,10,36.78532,-119.773071,75.374001,6,600,58,3,"e00fce6856818e5885f65487",2025-02-11 00:29:59,2025-02-11 00:29:59,2025-02-11 00:29:59,2025-02-11
"6","daG9HCFn79","MOOSPMv3Parser",1739233801,0,0,1,0,0,1,1,1,1,1,232,60,55712,6,6,1,6,6,16,19,6,0,14,17,29,27,510.639,17,72,36.138927,-120.368301,168.778,7,599,58,3,"e00fce6835b6173deb1a1f49",2025-02-11 00:30:01,2025-02-11 00:30:01,2025-02-11 00:30:01,2025-02-11
"7","UH9BjE8J7u","MOOSPMv3Parser",1739234401,0,0,1,1,1,1,1,1,1,1,239,59,55624,8,6,1,6,6,15,20,6,0,14,16,29,27,510.609,14,94,36.138882,-120.36837,152.557007,6,600,58,3,"e00fce6835b6173deb1a1f49",2025-02-11 00:39:58,2025-02-11 00:39:58,2025-02-11 00:39:58,2025-02-11
"8","cdMn5tpExm","MOOSPMv3Parser",1739234400,12,12,7,16,16,7,7,17,17,7,2071,614,27582,94,53,3,53,53,16,38,53,0,16,18,41,39,509.346,16,10,36.785397,-119.773163,61.612,7,599,58,3,"e00fce6856818e5885f65487",2025-02-11 00:39:59,2025-02-11 00:39:59,2025-02-11 00:39:59,2025-02-11
"9","miDcJBKlbb","MOOSPMv3Parser",1739235001,0,0,1,0,0,1,1,1,1,1,233,61,55629,6,5,0,5,5,15,20,5,0,13,15,30,28,510.627,12,123,36.138882,-120.36837,152.557007,0,600,58,3,"e00fce6835b6173deb1a1f49",2025-02-11 00:49:57,2025-02-11 00:49:58,2025-02-11 00:49:58,2025-02-11
"10","DHmSiWIDaN","MOOSPMv3Parser",1739235000,11,11,6,15,15,7,7,16,16,7,1996,589,27625,90,49,4,49,49,16,38,49,0,16,17,39,39,509.398,26,9,36.785378,-119.77314,65.110001,6,599,58,3,"e00fce6856818e5885f65487",2025-02-11 00:49:59,2025-02-11 00:49:59,2025-02-11 00:49:59,2025-02-11
"11","Iy6cPcF3vo","MOOSPMv3Parser",1739235601,0,0,1,1,1,1,1,1,1,1,214,57,55633,7,6,1,6,6,14,21,6,0,13,15,31,29,510.572,13,145,36.138988,-120.368332,168.744003,7,600,58,3,"e00fce6835b6173deb1a1f49",2025-02-11 00:59:58,2025-02-11 00:59:58,2025-02-11 00:59:58,2025-02-11
"12","YHVyH1HuKa","MOOSPMv3Parser",1739235600,12,12,6,16,16,7,7,17,17,7,2067,612,27623,98,51,3,51,51,16,39,51,0,16,17,41,39,509.226,18,10,36.785275,-119.773094,46.124001,6,600,58,3,"e00fce6856818e5885f65487",2025-02-11 00:59:59,2025-02-11 00:59:59,2025-02-11 00:59:59,2025-02-11
"13","PSMVIbtdBn","MOOSPMv3Parser",1739236201,0,0,1,1,1,1,1,1,1,1,219,57,55639,7,6,1,6,6,14,22,6,0,13,14,31,30,510.543,13,164,36.138836,-120.368462,108.405998,6,600,58,3,"e00fce6835b6173deb1a1f49",2025-02-11 01:09:58,2025-02-11 01:09:58,2025-02-11 01:09:58,2025-02-11
"14","BbJ2ZBNvzO","MOOSPMv3Parser",1739236200,11,11,6,16,16,7,7,16,16,7,2022,594,27666,93,50,3,51,51,16,39,51,0,16,17,42,40,509.129,13,10,36.7854,-119.773087,60.726002,7,600,58,3,"e00fce6856818e5885f65487",2025-02-11 01:09:59,2025-02-11 01:09:59,2025-02-11 01:09:59,2025-02-11
"15","DEQ8aFwsHx","MOOSPMv3Parser",1739236801,0,0,1,0,0,1,1,1,1,1,222,58,55643,7,6,1,6,6,14,22,6,0,12,14,31,30,510.541,17,173,36.139011,-120.368332,203.945007,7,600,58,3,"e00fce6835b6173deb1a1f49",2025-02-11 01:19:58,2025-02-11 01:19:58,2025-02-11 01:19:58,2025-02-11
"16","lVVEwBPibr","MOOSPMv3Parser",1739236800,12,12,7,16,16,7,7,16,16,7,2005,593,27711,91,51,3,51,51,15,41,51,0,15,16,43,42,508.987,20,11,36.7854,-119.773087,60.721001,0,600,58,3,"e00fce6856818e5885f65487",2025-02-11 01:19:59,2025-02-11 01:19:59,2025-02-11 01:19:59,2025-02-11
"17","hAUrztc3vA","MOOSPMv3Parser",1739237401,0,0,1,1,1,1,1,1,1,1,239,62,55649,8,6,1,6,6,14,23,6,0,12,14,33,31,510.543,18,188,36.138931,-120.368385,158.233002,7,600,58,3,"e00fce6835b6173deb1a1f49",2025-02-11 01:29:58,2025-02-11 01:29:58,2025-02-11 01:29:58,2025-02-11
"18","2b5aC0zftq","MOOSPMv3Parser",1739237400,11,11,7,15,15,7,7,16,16,7,1971,582,27756,92,52,3,52,52,15,44,52,0,15,15,46,45,508.869,70,10,36.785347,-119.773094,54.931999,7,600,58,3,"e00fce6856818e5885f65487",2025-02-11 01:29:59,2025-02-11 01:29:59,2025-02-11 01:29:59,2025-02-11
"19","7suubj0kGd","MOOSPMv3Parser",1739238001,1,1,1,2,2,1,1,2,2,1,436,114,55657,12,9,1,9,9,13,24,9,0,12,13,34,32,510.559,88,155,36.13895,-120.368294,184.735992,6,600,58,3,"e00fce6835b6173deb1a1f49",2025-02-11 01:39:58,2025-02-11 01:39:58,2025-02-11 01:39:58,2025-02-11
"20","5PURcnA8mV","MOOSPMv3Parser",1739238000,11,11,7,15,15,7,7,15,15,7,1920,570,27801,88,52,3,52,52,14,47,52,0,14,15,48,46,508.729,52,10,36.785316,-119.77317,68.903999,7,600,58,3,"e00fce6856818e5885f65487",2025-02-11 01:39:59,2025-02-11 01:39:59,2025-02-11 01:39:59,2025-02-11
"21","lQfGKw3fdG","MOOSPMv3Parser",1739238601,1,1,1,2,2,1,1,2,2,1,397,106,55758,12,10,1,10,10,13,25,10,0,11,13,35,33,510.467,105,97,36.138988,-120.368279,176.434998,7,599,58,3,"e00fce6835b6173deb1a1f49",2025-02-11 01:49:58,2025-02-11 01:49:58,2025-02-11 01:49:58,2025-02-11
"22","PRCCOQZ407","MOOSPMv3Parser",1739238600,11,11,6,15,15,7,7,15,15,7,1913,568,27844,90,49,3,50,50,14,49,50,0,14,14,49,48,508.615,50,10,36.785458,-119.773087,47.587002,6,600,58,3,"e00fce6856818e5885f65487",2025-02-11 01:49:59,2025-02-11 01:49:59,2025-02-11 01:49:59,2025-02-11
"23","VCSdLDxjoB","MOOSPMv3Parser",1739239201,1,1,1,1,1,1,1,1,1,1,368,94,55672,11,9,1,9,9,13,26,9,0,11,13,36,33,510.479,110,76,36.139008,-120.36837,185.507004,5,600,58,3,"e00fce6835b6173deb1a1f49",2025-02-11 01:59:58,2025-02-11 01:59:58,2025-02-11 01:59:58,2025-02-11
"24","NksDomXXpN","MOOSPMv3Parser",1739239200,11,11,7,15,15,7,7,16,16,7,1963,579,27889,90,51,3,51,51,13,51,51,0,13,14,50,50,508.638,69,10,36.785435,-119.773132,59.457001,6,600,58,3,"e00fce6856818e5885f65487",2025-02-11 01:59:59,2025-02-11 01:59:59,2025-02-11 01:59:59,2025-02-11
"25","eAyYwxRVBU","MOOSPMv3Parser",1739239801,1,1,1,1,1,1,1,1,1,1,399,98,55680,11,9,1,9,9,12,27,9,0,10,12,38,35,510.498,159,55,36.138988,-120.368347,170.335007,8,600,58,3,"e00fce6835b6173deb1a1f49",2025-02-11 02:09:58,2025-02-11 02:09:58,2025-02-11 02:09:58,2025-02-11
"26","uZeDIYqokA","MOOSPMv3Parser",1739239800,13,13,7,17,17,8,8,18,18,8,2251,661,27937,98,56,4,56,56,13,53,56,0,13,13,50,51,508.552,141,8,36.785423,-119.773247,74.467003,7,600,58,3,"e00fce6856818e5885f65487",2025-02-11 02:09:59,2025-02-11 02:09:59,2025-02-11 02:09:59,2025-02-11
"27","nMBjvstNvv","MOOSPMv3Parser",1739240401,1,1,1,1,1,1,1,1,1,1,346,87,55688,11,9,1,9,9,12,31,9,0,9,11,43,38,510.448,200,34,36.138973,-120.368355,169.429993,8,600,58,3,"e00fce6835b6173deb1a1f49",2025-02-11 02:19:57,2025-02-11 02:19:58,2025-02-11 02:19:58,2025-02-11
"28","d7uChaABq2","MOOSPMv3Parser",1739240400,14,14,8,18,18,8,8,19,19,8,2363,695,27989,99,59,3,60,60,13,54,60,0,13,13,52,52,508.522,191,4,36.78532,-119.773323,90.482002,5,600,58,3,"e00fce6856818e5885f65487",2025-02-11 02:19:59,2025-02-11 02:19:59,2025-02-11 02:19:59,2025-02-11
"29","tIiEb7roCB","MOOSPMv3Parser",1739241001,1,1,1,2,2,2,2,2,2,2,405,100,55791,14,11,1,12,12,11,31,12,0,8,11,44,39,510.389,220,20,36.138969,-120.36834,178.815002,8,599,58,3,"e00fce6835b6173deb1a1f49",2025-02-11 02:29:58,2025-02-11 02:29:58,2025-02-11 02:29:58,2025-02-11
"30","MAcwqyvguP","MOOSPMv3Parser",1739241000,13,13,8,18,18,9,9,19,19,9,2268,672,28045,105,64,4,65,65,12,57,65,0,12,12,54,54,508.538,225,2,36.785316,-119.773178,94.070999,7,600,58,3,"e00fce6856818e5885f65487",2025-02-11 02:29:59,2025-02-11 02:29:59,2025-02-11 02:29:59,2025-02-11
"31","7PnGKytUFq","MOOSPMv3Parser",1739241601,1,1,3,2,2,3,3,3,3,3,452,121,55716,21,21,2,22,22,11,34,22,0,7,10,48,41,510.318,246,12,36.138969,-120.36834,178.815994,0,600,58,3,"e00fce6835b6173deb1a1f49",2025-02-11 02:39:58,2025-02-11 02:39:58,2025-02-11 02:39:58,2025-02-11
"32","YqS4nIJF1P","MOOSPMv3Parser",1739241600,13,13,8,17,17,8,8,18,18,8,2177,645,28098,103,61,4,61,61,12,59,61,0,12,12,55,56,508.433,235,2,36.785404,-119.773117,59.873001,10,600,58,3,"e00fce6856818e5885f65487",2025-02-11 02:39:59,2025-02-11 02:39:59,2025-02-11 02:39:59,2025-02-11
"33","d55jKgAg45","MOOSPMv3Parser",1739242201,4,4,4,6,6,4,4,6,6,4,906,243,55742,38,29,2,30,30,10,34,30,1,7,9,48,42,510.311,232,7,36.139015,-120.368355,175.554001,8,600,58,3,"e00fce6835b6173deb1a1f49",2025-02-11 02:49:58,2025-02-11 02:49:58,2025-02-11 02:49:58,2025-02-11
"34","sWy5TEiTCB","MOOSPMv3Parser",1739242200,16,16,9,22,22,10,10,23,23,10,2804,825,28162,131,74,5,74,74,12,60,74,0,12,12,55,56,508.4,253,1,36.785385,-119.773117,67.897003,7,600,58,3,"e00fce6856818e5885f65487",2025-02-11 02:49:59,2025-02-11 02:49:59,2025-02-11 02:49:59,2025-02-11
"35","fxcHKBFvk8","MOOSPMv3Parser",1739242801,3,3,3,5,5,4,4,6,6,4,808,217,55765,34,27,3,27,27,10,36,27,0,7,9,50,44,510.339,250,6,36.139053,-120.368309,170.998993,6,600,58,3,"e00fce6835b6173deb1a1f49",2025-02-11 02:59:58,2025-02-11 02:59:58,2025-02-11 02:59:58,2025-02-11
"36","fo2vR5FWCD","MOOSPMv3Parser",1739242800,16,16,9,22,22,10,10,23,23,10,2687,793,28272,130,73,5,73,73,12,62,73,0,12,11,56,58,508.347,254,1,36.785423,-119.773155,58.479,10,599,58,3,"e00fce6856818e5885f65487",2025-02-11 02:59:59,2025-02-11 02:59:59,2025-02-11 02:59:59,2025-02-11
"37","QDm4013SF8","MOOSPMv3Parser",1739243401,4,4,4,6,6,4,4,7,7,4,1034,261,55789,37,28,3,28,28,9,38,28,0,7,8,50,45,510.237,274,4,36.138977,-120.368462,164.199005,6,600,58,3,"e00fce6835b6173deb1a1f49",2025-02-11 03:09:57,2025-02-11 03:09:58,2025-02-11 03:09:58,2025-02-11
"38","M8C9arl6z6","MOOSPMv3Parser",1739243400,16,16,9,22,22,10,10,23,23,10,2725,804,28290,130,74,5,74,74,11,62,74,0,11,11,57,59,508.31,248,1,36.785423,-119.773155,58.479,0,600,58,3,"e00fce6856818e5885f65487",2025-02-11 03:09:59,2025-02-11 03:09:59,2025-02-11 03:09:59,2025-02-11
"39","KIZHgqMWOO","MOOSPMv3Parser",1739244001,3,3,3,5,5,3,3,5,5,3,807,213,55809,31,24,2,24,24,9,39,24,0,7,8,50,46,510.292,303,2,36.138977,-120.368423,176.621002,6,600,58,3,"e00fce6835b6173deb1a1f49",2025-02-11 03:19:58,2025-02-11 03:19:58,2025-02-11 03:19:58,2025-02-11
"40","08LDLyY7Uc","MOOSPMv3Parser",1739244000,16,16,10,23,23,10,10,24,24,10,2806,832,28357,138,77,5,78,78,11,64,78,0,11,11,58,61,508.341,253,1,36.785427,-119.773109,68.595001,8,600,58,3,"e00fce6856818e5885f65487",2025-02-11 03:19:59,2025-02-11 03:19:59,2025-02-11 03:19:59,2025-02-11
"41","N77D5AS2ee","MOOSPMv3Parser",1739244601,4,4,4,6,6,4,4,7,7,4,949,259,55834,39,29,3,29,29,9,40,29,0,7,8,50,47,510.283,309,1,36.138973,-120.368423,170.688995,8,600,58,3,"e00fce6835b6173deb1a1f49",2025-02-11 03:29:58,2025-02-11 03:29:58,2025-02-11 03:29:58,2025-02-11
"42","CT10Ul08Lk","MOOSPMv3Parser",1739244600,17,17,11,25,25,12,12,26,26,12,2939,876,28479,150,86,7,86,86,11,66,86,0,11,10,60,62,508.382,272,1,36.7854,-119.77314,67.268997,8,599,58,3,"e00fce6856818e5885f65487",2025-02-11 03:29:59,2025-02-11 03:29:59,2025-02-11 03:29:59,2025-02-11
"43","oBq6LQz4Pc","MOOSPMv3Parser",1739245201,8,8,5,11,11,6,6,12,12,6,1666,449,55869,67,41,5,41,41,9,40,41,0,6,8,52,48,510.287,285,1,36.13892,-120.368347,172.119995,7,600,58,3,"e00fce6835b6173deb1a1f49",2025-02-11 03:39:58,2025-02-11 03:39:58,2025-02-11 03:39:58,2025-02-11
"44","0B0X2A6XHF","MOOSPMv3Parser",1739245200,19,19,13,27,27,13,13,29,29,13,3251,959,28519,167,100,7,100,100,11,67,100,0,11,10,60,63,508.318,271,1,36.785343,-119.773109,67.375,8,600,58,3,"e00fce6856818e5885f65487",2025-02-11 03:39:59,2025-02-11 03:39:59,2025-02-11 03:39:59,2025-02-11
"45","bZchHnINap","MOOSPMv3Parser",1739245800,9,9,5,12,12,6,6,13,13,6,1905,507,55999,67,42,4,42,42,9,41,42,0,6,7,53,48,510.284,273,1,36.139042,-120.368431,177.884003,9,599,58,3,"e00fce6835b6173deb1a1f49",2025-02-11 03:49:58,2025-02-11 03:49:58,2025-02-11 03:49:58,2025-02-11
"46","z3hThj417T","MOOSPMv3Parser",1739245800,20,19,14,29,29,15,15,31,31,15,3411,1013,28617,181,113,9,114,114,10,68,114,0,10,10,62,65,508.269,263,1,36.7854,-119.77314,62.119999,8,600,58,3,"e00fce6856818e5885f65487",2025-02-11 03:49:59,2025-02-11 03:49:59,2025-02-11 03:49:59,2025-02-11
"47","HAieeDFVXg","MOOSPMv3Parser",1739245801,13,13,8,18,18,8,8,19,19,8,2499,690,33543428,111,61,7,61,61,9,41,61,0,6,7,53,48,509.186,284,1,36.139042,-120.368431,177.884003,9,1,58,3,"e00fce6835b6173deb1a1f49",2025-02-11 03:49:59,2025-02-11 03:49:59,2025-02-11 03:49:59,2025-02-11
"48","sOLIqN0d2J","MOOSPMv3Parser",1739246401,13,13,8,19,19,9,9,20,20,9,2602,703,55961,108,65,7,65,65,8,43,65,0,5,7,56,50,510.216,273,1,36.13905,-120.368446,143.328995,7,600,58,3,"e00fce6835b6173deb1a1f49",2025-02-11 03:59:58,2025-02-11 03:59:58,2025-02-11 03:59:58,2025-02-11
"49","tDAo1hJA0u","MOOSPMv3Parser",1739246400,21,20,16,31,30,17,17,33,33,17,3604,1073,28726,198,125,9,125,125,10,69,125,0,10,10,62,66,508.19,267,1,36.785412,-119.77317,71.403,6,600,58,3,"e00fce6856818e5885f65487",2025-02-11 03:59:59,2025-02-11 03:59:59,2025-02-11 03:59:59,2025-02-11
"50","DZILJm5nxO","MOOSPMv3Parser",1739247000,7,7,3,9,9,3,3,9,9,3,1865,428,56074,38,22,2,22,22,8,45,22,0,5,7,59,52,510.209,273,1,36.139061,-120.368233,162.876999,6,599,58,3,"e00fce6835b6173deb1a1f49",2025-02-11 04:09:57,2025-02-11 04:09:57,2025-02-11 04:09:57,2025-02-11
"51","HQwnpWJPCZ","MOOSPMv3Parser",1739247000,21,21,16,31,31,16,16,34,34,16,3653,1091,28832,195,122,9,123,123,10,70,123,0,10,9,63,66,508.258,263,1,36.785423,-119.773186,70.832001,7,600,58,3,"e00fce6856818e5885f65487",2025-02-11 04:09:59,2025-02-11 04:09:59,2025-02-11 04:09:59,2025-02-11
"52","TTH7KbFCSt","MOOSPMv3Parser",1739247600,6,6,2,7,7,2,2,7,7,2,1552,370,55996,33,19,2,19,19,8,47,19,0,4,6,61,54,510.182,277,1,36.138943,-120.368324,162.951996,5,600,58,3,"e00fce6835b6173deb1a1f49",2025-02-11 04:19:57,2025-02-11 04:19:57,2025-02-11 04:19:57,2025-02-11
"53","4I9D01oQub","MOOSPMv3Parser",1739247600,22,21,14,31,30,15,15,32,32,15,3693,1096,28928,183,110,7,111,111,10,71,111,0,10,9,65,68,508.228,264,1,36.785393,-119.773163,69.460999,7,600,58,3,"e00fce6856818e5885f65487",2025-02-11 04:19:59,2025-02-11 04:19:59,2025-02-11 04:19:59,2025-02-11
"54","7UZTH7nRgC","MOOSPMv3Parser",1739248200,11,11,5,14,14,5,5,14,14,5,2427,627,56027,73,36,3,36,36,7,48,36,0,4,6,62,54,510.163,270,1,36.138943,-120.368324,162.955002,0,600,58,3,"e00fce6835b6173deb1a1f49",2025-02-11 04:29:57,2025-02-11 04:29:57,2025-02-11 04:29:57,2025-02-11
"55","mGOcPgg20u","MOOSPMv3Parser",1739248200,23,21,15,32,31,16,16,34,34,16,3851,1143,29033,185,121,8,121,121,10,72,121,0,10,9,65,68,508.316,268,1,36.78548,-119.773193,79.389999,11,600,58,3,"e00fce6856818e5885f65487",2025-02-11 04:29:59,2025-02-11 04:29:59,2025-02-11 04:29:59,2025-02-11
"56","gV9xAi9cyK","MOOSPMv3Parser",1739248800,22,20,10,28,27,11,11,29,29,11,4454,1150,56095,146,78,8,79,79,7,49,79,0,3,5,63,55,510.178,305,1,36.139042,-120.368347,159.179993,14,600,58,3,"e00fce6835b6173deb1a1f49",2025-02-11 04:39:57,2025-02-11 04:39:57,2025-02-11 04:39:57,2025-02-11
"57","n1TPEYkRl1","MOOSPMv3Parser",1739248800,24,22,15,34,32,16,16,36,36,16,4118,1217,29138,200,120,8,121,121,10,72,121,0,10,9,65,69,508.201,268,1,36.785404,-119.773216,62.167,10,600,58,3,"e00fce6856818e5885f65487",2025-02-11 04:39:59,2025-02-11 04:39:59,2025-02-11 04:39:59,2025-02-11
"58","6997PtUwMn","MOOSPMv3Parser",1739249400,18,17,9,23,23,9,9,24,24,9,3457,928,56152,124,67,6,67,67,7,50,67,0,3,5,65,56,510.21,297,1,36.139095,-120.368401,178.886993,8,600,58,3,"e00fce6835b6173deb1a1f49",2025-02-11 04:49:56,2025-02-11 04:49:57,2025-02-11 04:49:57,2025-02-11
"59","ibpi7zrnQ9","MOOSPMv3Parser",1739249400,24,22,15,34,32,16,16,36,36,16,4054,1200,29242,207,120,9,120,120,10,73,120,0,9,9,66,69,508.167,272,1,36.785217,-119.773041,68.123001,6,600,58,3,"e00fce6856818e5885f65487",2025-02-11 04:49:59,2025-02-11 04:49:59,2025-02-11 04:49:59,2025-02-11
"60","sHCSKM3piH","MOOSPMv3Parser",1739250000,19,18,10,25,25,10,10,27,27,10,3674,986,56217,144,75,9,76,76,7,50,76,0,3,5,64,57,510.227,291,1,36.139,-120.368301,185.376999,7,600,58,3,"e00fce6835b6173deb1a1f49",2025-02-11 04:59:57,2025-02-11 04:59:57,2025-02-11 04:59:57,2025-02-11
"61","oIEOAYCR66","MOOSPMv3Parser",1739250001,23,22,15,33,32,16,16,35,35,16,3996,1187,29346,195,120,7,120,120,9,74,120,0,9,8,67,71,508.166,276,1,36.785217,-119.773041,68.126999,0,600,58,3,"e00fce6856818e5885f65487",2025-02-11 04:59:59,2025-02-11 04:59:59,2025-02-11 04:59:59,2025-02-11
"62","5t2gRXeKzC","MOOSPMv3Parser",1739250600,14,14,8,19,19,8,8,20,20,8,2845,764,56269,106,60,6,60,60,6,51,60,0,3,5,64,57,510.158,293,1,36.139038,-120.368462,184.440994,6,600,58,3,"e00fce6835b6173deb1a1f49",2025-02-11 05:09:57,2025-02-11 05:09:57,2025-02-11 05:09:57,2025-02-11
"63","6ZyhvukSva","MOOSPMv3Parser",1739250601,33,27,21,49,40,22,22,52,48,22,5626,1678,29541,296,167,12,168,168,9,74,168,0,9,8,67,71,508.038,268,1,36.785366,-119.773117,62.823002,7,599,58,3,"e00fce6856818e5885f65487",2025-02-11 05:09:59,2025-02-11 05:09:59,2025-02-11 05:09:59,2025-02-11
"64","wFuBqKbL9e","MOOSPMv3Parser",1739251200,8,8,5,11,11,5,5,12,12,5,1827,488,56302,62,39,4,39,39,6,52,39,0,3,4,65,59,510.152,290,1,36.138973,-120.368378,178.703995,5,600,58,3,"e00fce6835b6173deb1a1f49",2025-02-11 05:19:57,2025-02-11 05:19:57,2025-02-11 05:19:57,2025-02-11
"65","65kOA5rsTC","MOOSPMv3Parser",1739251201,32,27,22,48,40,23,23,51,48,23,5458,1625,29693,290,175,13,175,175,9,74,176,0,9,8,68,71,508.019,269,1,36.785286,-119.773087,71.890999,8,599,58,3,"e00fce6856818e5885f65487",2025-02-11 05:19:59,2025-02-11 05:19:59,2025-02-11 05:19:59,2025-02-11
"66","pmMn5MFFrC","MOOSPMv3Parser",1739251800,6,6,4,9,9,5,5,9,9,5,1516,400,56331,53,34,3,34,34,6,53,34,0,3,4,65,59,510.218,281,1,36.139038,-120.368423,156.848999,6,600,58,3,"e00fce6835b6173deb1a1f49",2025-02-11 05:29:57,2025-02-11 05:29:57,2025-02-11 05:29:57,2025-02-11
"67","nPvz6Vv4Wq","MOOSPMv3Parser",1739251801,33,27,23,48,40,24,24,51,48,24,5545,1652,29797,290,176,13,177,177,9,74,177,0,9,8,68,71,507.998,276,1,36.785385,-119.773201,72.012001,9,600,58,3,"e00fce6856818e5885f65487",2025-02-11 05:29:59,2025-02-11 05:29:59,2025-02-11 05:29:59,2025-02-11
"68","8RONtGW3d9","MOOSPMv3Parser",1739252400,6,6,4,9,9,5,5,10,10,5,1500,395,56360,53,34,5,34,34,6,54,34,0,3,4,66,60,510.18,270,1,36.139004,-120.368454,189.800003,5,600,58,3,"e00fce6835b6173deb1a1f49",2025-02-11 05:39:56,2025-02-11 05:39:57,2025-02-11 05:39:57,2025-02-11
"69","TnOTh8Pzs7","MOOSPMv3Parser",1739252401,32,27,22,47,40,23,23,50,48,23,5422,1616,29944,281,169,12,170,170,9,75,170,0,8,8,69,72,508.003,271,1,36.785332,-119.773102,70.115997,7,600,58,3,"e00fce6856818e5885f65487",2025-02-11 05:39:59,2025-02-11 05:39:59,2025-02-11 05:39:59,2025-02-11
"70","utHMunYkAA","MOOSPMv3Parser",1739253000,9,9,6,13,13,6,6,14,14,6,1937,522,56402,81,48,5,48,48,6,55,48,0,3,4,67,61,510.204,260,1,36.139019,-120.368401,162.572006,5,600,58,3,"e00fce6835b6173deb1a1f49",2025-02-11 05:49:57,2025-02-11 05:49:57,2025-02-11 05:49:57,2025-02-11
"71","67pD4grLw1","MOOSPMv3Parser",1739253001,33,27,22,48,40,23,23,51,48,23,5518,1637,30094,287,172,14,173,173,9,75,173,0,8,8,69,72,507.917,261,1,36.785461,-119.77314,70.266998,7,600,58,3,"e00fce6856818e5885f65487",2025-02-11 05:49:59,2025-02-11 05:49:59,2025-02-11 05:49:59,2025-02-11
"72","Zz5uF72Cqu","MOOSPMv3Parser",1739253600,26,23,17,39,34,18,18,41,41,18,4933,1355,56519,238,136,16,137,137,6,55,137,0,2,4,68,61,510.164,282,1,36.138996,-120.368378,182.552994,6,600,58,3,"e00fce6835b6173deb1a1f49",2025-02-11 05:59:57,2025-02-11 05:59:57,2025-02-11 05:59:57,2025-02-11
"73","s6bKCT15du","MOOSPMv3Parser",1739253601,35,28,24,52,42,25,25,56,52,25,5900,1763,30259,315,189,17,190,190,9,75,190,0,8,7,69,73,507.945,253,1,36.785336,-119.77317,76.605003,8,600,58,3,"e00fce6856818e5885f65487",2025-02-11 06:00:04,2025-02-11 06:00:05,2025-02-11 06:00:05,2025-02-11
"74","u5S8RuNtgP","MOOSPMv3Parser",1739254200,24,22,15,35,32,16,16,37,36,16,4550,1252,56622,206,119,14,120,120,6,55,120,0,2,3,69,61,510.144,275,1,36.138996,-120.368378,182.550995,0,600,58,3,"e00fce6835b6173deb1a1f49",2025-02-11 06:09:57,2025-02-11 06:09:57,2025-02-11 06:09:57,2025-02-11
"75","J5xoY0zcuD","MOOSPMv3Parser",1739254201,35,28,26,52,42,27,27,56,51,27,5908,1756,30484,312,200,17,201,201,9,76,201,0,8,7,69,74,507.923,250,1,36.785374,-119.773094,53.394001,7,599,58,3,"e00fce6856818e5885f65487",2025-02-11 06:09:59,2025-02-11 06:09:59,2025-02-11 06:09:59,2025-02-11
"76","a4GHiD0kBy","MOOSPMv3Parser",1739254800,8,8,6,12,12,6,6,13,13,6,1819,491,56660,78,45,6,45,45,5,57,45,0,2,3,71,63,510.196,243,1,36.13903,-120.368324,156.160004,5,600,58,3,"e00fce6835b6173deb1a1f49",2025-02-11 06:19:56,2025-02-11 06:19:57,2025-02-11 06:19:57,2025-02-11
"77","YEMbq1Mr0W","MOOSPMv3Parser",1739254801,36,28,26,53,43,28,28,56,52,28,6050,1801,30613,319,207,16,207,207,8,76,207,0,8,7,69,74,507.898,249,1,36.785416,-119.773117,66.317001,8,600,58,3,"e00fce6856818e5885f65487",2025-02-11 06:19:59,2025-02-11 06:19:59,2025-02-11 06:19:59,2025-02-11
"78","1VJN5mUPwX","MOOSPMv3Parser",1739255400,7,7,5,10,10,5,5,11,11,5,1666,440,56691,61,36,4,36,36,5,57,36,0,2,3,71,63,510.134,231,1,36.13903,-120.368385,131.731003,6,600,58,3,"e00fce6835b6173deb1a1f49",2025-02-11 06:29:57,2025-02-11 06:29:57,2025-02-11 06:29:57,2025-02-11
"79","5NbSR9kXWL","MOOSPMv3Parser",1739255401,41,31,28,60,46,30,30,64,56,30,6866,2045,30807,358,223,19,224,224,8,76,224,0,8,7,70,74,507.875,250,1,36.785301,-119.773102,100.223999,7,600,58,3,"e00fce6856818e5885f65487",2025-02-11 06:29:59,2025-02-11 06:29:59,2025-02-11 06:29:59,2025-02-11
"80","Py0RENsyGR","MOOSPMv3Parser",1739256000,12,12,8,16,16,8,8,17,17,8,2494,660,56742,89,59,6,59,59,5,58,59,0,2,3,71,63,510.172,238,1,36.139019,-120.368355,180.292999,5,600,58,3,"e00fce6835b6173deb1a1f49",2025-02-11 06:39:56,2025-02-11 06:39:57,2025-02-11 06:39:57,2025-02-11
"81","2Cnzio4xZB","MOOSPMv3Parser",1739256001,40,30,28,60,45,29,29,64,56,29,6728,2006,31049,359,219,18,220,220,8,76,220,0,8,7,70,74,507.908,247,1,36.785343,-119.773102,61.916,6,599,58,3,"e00fce6856818e5885f65487",2025-02-11 06:39:59,2025-02-11 06:39:59,2025-02-11 06:39:59,2025-02-11
"82","s9FH1SfjvR","MOOSPMv3Parser",1739256600,16,16,9,22,22,10,10,23,23,10,3239,857,56802,122,70,8,71,71,5,58,71,0,1,3,71,64,510.188,244,1,36.138947,-120.368385,168.063995,5,600,58,3,"e00fce6835b6173deb1a1f49",2025-02-11 06:49:57,2025-02-11 06:49:57,2025-02-11 06:49:57,2025-02-11
"83","uwCT8f62t4","MOOSPMv3Parser",1739256601,39,30,28,58,45,29,29,62,55,29,6507,1940,31188,348,219,17,220,220,9,76,220,0,8,7,69,74,507.869,235,1,36.785343,-119.773102,61.911999,0,600,58,3,"e00fce6856818e5885f65487",2025-02-11 06:49:59,2025-02-11 06:49:59,2025-02-11 06:49:59,2025-02-11
"84","GkfUaBF38j","MOOSPMv3Parser",1739257200,17,16,9,22,22,9,9,23,23,9,3340,879,56860,112,67,8,67,67,5,59,67,0,2,3,71,65,510.171,245,1,36.138977,-120.368416,152.483994,5,600,58,3,"e00fce6835b6173deb1a1f49",2025-02-11 06:59:56,2025-02-11 06:59:57,2025-02-11 06:59:57,2025-02-11
"85","Yif9AA2LFA","MOOSPMv3Parser",1739257201,43,31,31,64,47,33,33,68,58,33,7125,2126,31399,396,243,19,244,244,9,76,244,0,8,7,69,74,507.971,235,1,36.785446,-119.773239,36.583,6,600,58,3,"e00fce6856818e5885f65487",2025-02-11 06:59:59,2025-02-11 06:59:59,2025-02-11 06:59:59,2025-02-11
"86","rE9HM4vWQO","MOOSPMv3Parser",1739257800,11,11,5,14,14,6,6,15,15,6,2252,600,56897,74,43,4,43,43,5,60,43,0,1,3,72,65,510.154,218,1,36.139011,-120.368286,179.940994,5,600,58,3,"e00fce6835b6173deb1a1f49",2025-02-11 07:09:56,2025-02-11 07:09:57,2025-02-11 07:09:57,2025-02-11
"87","LbARy3N0wD","MOOSPMv3Parser",1739257801,43,31,31,65,48,33,33,69,59,33,7252,2168,31611,401,243,20,244,244,8,76,244,0,8,7,70,74,507.83,234,1,36.785282,-119.773148,68.707001,6,600,58,3,"e00fce6856818e5885f65487",2025-02-11 07:09:59,2025-02-11 07:09:59,2025-02-11 07:09:59,2025-02-11
"88","9rcfASLGK7","MOOSPMv3Parser",1739258400,6,6,4,8,8,4,4,9,9,4,1426,379,56925,51,33,3,33,33,5,60,33,0,1,2,73,66,510.118,204,1,36.138935,-120.368347,172.876999,8,600,58,3,"e00fce6835b6173deb1a1f49",2025-02-11 07:19:56,2025-02-11 07:19:57,2025-02-11 07:19:57,2025-02-11
"89","t4lwOIBSST","MOOSPMv3Parser",1739258401,43,31,31,64,47,33,33,68,58,33,7104,2119,31825,389,246,22,247,247,8,77,247,0,8,7,71,75,508.01,233,1,36.785351,-119.773109,62.983002,7,600,58,3,"e00fce6856818e5885f65487",2025-02-11 07:19:59,2025-02-11 07:19:59,2025-02-11 07:19:59,2025-02-11
"90","qvbfCChfwQ","MOOSPMv3Parser",1739259000,7,7,5,10,10,5,5,11,11,5,1570,423,56956,57,36,4,36,36,5,60,36,0,1,2,73,66,510.114,211,1,36.138973,-120.368324,168.658997,8,600,58,3,"e00fce6835b6173deb1a1f49",2025-02-11 07:29:56,2025-02-11 07:29:57,2025-02-11 07:29:57,2025-02-11
"91","fmTQ9CYFjZ","MOOSPMv3Parser",1739259001,44,32,33,67,48,34,34,72,61,34,7382,2214,32047,412,255,24,256,256,8,77,256,0,8,7,71,75,507.936,230,1,36.785404,-119.773033,66.540001,7,600,58,3,"e00fce6856818e5885f65487",2025-02-11 07:29:59,2025-02-11 07:29:59,2025-02-11 07:29:59,2025-02-11
"92","hH5TGSHQij","MOOSPMv3Parser",1739259600,7,7,4,9,9,5,5,11,11,5,1486,399,56987,57,35,4,35,35,5,60,35,0,1,2,72,66,510.105,212,1,36.138943,-120.368355,182,6,600,58,3,"e00fce6835b6173deb1a1f49",2025-02-11 07:39:56,2025-02-11 07:39:57,2025-02-11 07:39:57,2025-02-11
"93","JVa9p3buRU","MOOSPMv3Parser",1739259601,43,31,32,66,48,34,34,70,60,34,7166,2148,32320,407,251,23,252,252,8,77,252,0,7,7,71,74,507.93,228,1,36.78545,-119.773216,80.327003,7,599,58,3,"e00fce6856818e5885f65487",2025-02-11 07:39:59,2025-02-11 07:39:59,2025-02-11 07:39:59,2025-02-11
"94","a5WXSgsFUW","MOOSPMv3Parser",1739260200,4,4,3,5,5,3,3,5,5,3,830,224,57004,31,20,2,20,20,4,60,20,0,1,2,73,66,510.125,186,1,36.139004,-120.368294,176.235001,4,600,58,3,"e00fce6835b6173deb1a1f49",2025-02-11 07:49:57,2025-02-11 07:49:57,2025-02-11 07:49:57,2025-02-11
"95","otsxr0Gzbg","MOOSPMv3Parser",1739260201,41,30,31,62,46,33,33,66,57,33,6770,2022,32479,384,245,20,246,246,8,77,246,0,7,7,71,75,507.841,223,1,36.785244,-119.772896,44.084999,7,600,58,3,"e00fce6856818e5885f65487",2025-02-11 07:49:59,2025-02-11 07:49:59,2025-02-11 07:49:59,2025-02-11
"96","KuuAFCudyV","MOOSPMv3Parser",1739260800,4,4,3,6,6,3,3,6,6,3,933,251,57023,34,22,2,22,22,4,61,22,0,1,2,74,67,510.137,183,1,36.139046,-120.368423,170.908997,5,600,58,3,"e00fce6835b6173deb1a1f49",2025-02-11 07:59:56,2025-02-11 07:59:57,2025-02-11 07:59:57,2025-02-11
"97","7QzMXTO87j","MOOSPMv3Parser",1739260801,40,30,30,60,46,31,31,64,56,31,6574,1967,32681,373,232,19,233,233,8,78,233,0,7,7,72,76,507.828,221,1,36.785339,-119.773109,67.438004,8,600,58,3,"e00fce6856818e5885f65487",2025-02-11 07:59:59,2025-02-11 07:59:59,2025-02-11 07:59:59,2025-02-11
"98","5OggxlUJ6g","MOOSPMv3Parser",1739261400,5,5,3,6,6,3,3,7,7,3,1062,286,57043,37,23,2,23,23,4,61,23,0,1,2,73,67,510.187,193,1,36.139164,-120.368423,160.294998,5,600,58,3,"e00fce6835b6173deb1a1f49",2025-02-11 08:09:56,2025-02-11 08:09:57,2025-02-11 08:09:57,2025-02-11
"99","Rmyv6HPyoO","MOOSPMv3Parser",1739261401,38,29,29,59,45,30,30,63,56,30,6400,1916,32876,363,224,20,225,225,8,78,225,0,7,7,72,76,507.9,225,1,36.785419,-119.773109,74.814003,7,600,58,3,"e00fce6856818e5885f65487",2025-02-11 08:09:59,2025-02-11 08:09:59,2025-02-11 08:09:59,2025-02-11
"100","0rqbusPKgG","MOOSPMv3Parser",1739262000,5,5,3,7,7,3,3,8,8,3,1153,307,57064,41,25,3,25,25,4,62,25,0,1,2,73,68,510.158,198,1,36.139023,-120.368355,160.044998,6,600,58,3,"e00fce6835b6173deb1a1f49",2025-02-11 08:19:57,2025-02-11 08:19:57,2025-02-11 08:19:57,2025-02-11
"101","Yl5AwsQmq5","MOOSPMv3Parser",1739262001,41,31,30,62,46,32,32,66,57,32,6825,2044,33084,387,238,21,239,239,8,78,239,0,7,7,73,77,507.891,225,1,36.785355,-119.773079,55.228001,7,600,58,3,"e00fce6856818e5885f65487",2025-02-11 08:19:59,2025-02-11 08:19:59,2025-02-11 08:19:59,2025-02-11
"102","PNmBkw5mf7","MOOSPMv3Parser",1739262600,6,6,4,8,8,4,4,8,8,4,1218,329,57089,47,28,3,28,28,4,62,28,0,1,2,73,68,510.17,197,1,36.138988,-120.36834,161.397003,6,600,58,3,"e00fce6835b6173deb1a1f49",2025-02-11 08:29:57,2025-02-11 08:29:57,2025-02-11 08:29:57,2025-02-11
"103","sIBt9rMf7O","MOOSPMv3Parser",1739262601,40,30,30,61,46,32,32,66,57,32,6697,2006,33290,378,237,21,238,238,8,78,238,0,7,7,73,76,507.846,216,1,36.785355,-119.773079,55.230999,0,600,58,3,"e00fce6856818e5885f65487",2025-02-11 08:29:59,2025-02-11 08:29:59,2025-02-11 08:29:59,2025-02-11
"104","6guFWib19j","MOOSPMv3Parser",1739263200,7,7,4,9,9,5,5,10,10,5,1376,372,57119,49,35,3,35,35,4,61,35,0,1,2,73,68,510.19,197,1,36.138969,-120.368378,173.942001,5,600,58,3,"e00fce6835b6173deb1a1f49",2025-02-11 08:39:56,2025-02-11 08:39:57,2025-02-11 08:39:57,2025-02-11
"105","NGRYObAzHs","MOOSPMv3Parser",1739263201,40,30,29,61,46,31,31,64,56,31,6696,2005,33545,378,229,19,230,230,8,78,230,0,7,6,72,76,507.891,214,1,36.785358,-119.773056,65.461998,7,599,58,3,"e00fce6856818e5885f65487",2025-02-11 08:39:59,2025-02-11 08:39:59,2025-02-11 08:39:59,2025-02-11
"106","tyvAAAXn0Q","MOOSPMv3Parser",1739263800,4,4,3,6,6,3,3,6,6,3,987,261,57139,36,24,2,24,24,4,62,24,0,1,2,74,67,510.183,186,1,36.138962,-120.368393,182.417999,5,600,58,3,"e00fce6835b6173deb1a1f49",2025-02-11 08:49:56,2025-02-11 08:49:57,2025-02-11 08:49:57,2025-02-11
"107","T48kzrLDsv","MOOSPMv3Parser",1739263801,38,29,28,57,44,29,29,61,54,29,6344,1891,33677,356,216,19,217,217,8,78,217,0,7,6,71,75,507.859,212,1,36.785255,-119.773132,76.066002,7,600,58,3,"e00fce6856818e5885f65487",2025-02-11 08:49:59,2025-02-11 08:49:59,2025-02-11 08:49:59,2025-02-11
"108","KbmUAZtbUW","MOOSPMv3Parser",1739264400,4,4,3,6,6,3,3,7,7,3,968,264,57161,38,25,3,25,25,4,62,25,0,1,2,73,67,510.214,177,1,36.139027,-120.368385,171.382004,5,600,58,3,"e00fce6835b6173deb1a1f49",2025-02-11 08:59:56,2025-02-11 08:59:57,2025-02-11 08:59:57,2025-02-11
"109","eBnoFVCKtv","MOOSPMv3Parser",1739264401,33,27,25,49,41,26,26,52,49,26,5600,1662,33902,296,194,14,195,195,8,76,195,0,7,6,70,73,507.83,207,1,36.785339,-119.773102,71.833,8,599,58,3,"e00fce6856818e5885f65487",2025-02-11 08:59:59,2025-02-11 08:59:59,2025-02-11 08:59:59,2025-02-11
"110","4Lk9i2MPEi","MOOSPMv3Parser",1739265000,5,5,4,7,7,4,4,8,8,4,1088,291,57186,43,30,3,30,30,4,62,30,0,1,2,74,67,510.148,181,1,36.139008,-120.368416,186.960999,6,600,58,3,"e00fce6835b6173deb1a1f49",2025-02-11 09:09:56,2025-02-11 09:09:57,2025-02-11 09:09:57,2025-02-11
"111","z3YkiEriy6","MOOSPMv3Parser",1739265001,29,25,21,43,38,22,22,46,45,22,4937,1464,33986,268,162,13,162,162,8,76,162,0,7,6,69,74,507.771,197,1,36.785446,-119.773071,61.728001,8,600,58,3,"e00fce6856818e5885f65487",2025-02-11 09:09:59,2025-02-11 09:09:59,2025-02-11 09:09:59,2025-02-11
"112","X9ClZdO2nA","MOOSPMv3Parser",1739265601,29,25,21,43,37,22,22,46,45,22,4907,1458,34183,263,161,13,162,162,8,78,162,0,7,6,71,76,507.856,194,1,36.785515,-119.773178,49.757,7,599,58,3,"e00fce6856818e5885f65487",2025-02-11 09:19:59,2025-02-11 09:19:59,2025-02-11 09:19:59,2025-02-11
"113","VmzgAG048O","MOOSPMv3Parser",1739265600,6,6,4,8,8,4,4,9,9,4,1278,343,57213,48,31,3,31,31,4,62,31,0,1,2,74,67,510.14,184,1,36.138992,-120.368309,187.406998,5,600,58,3,"e00fce6835b6173deb1a1f49",2025-02-11 09:20:01,2025-02-11 09:20:01,2025-02-11 09:20:01,2025-02-11
"114","RyCdpPc3UY","MOOSPMv3Parser",1739266200,6,6,4,9,9,5,5,10,10,5,1446,389,57243,55,35,3,35,35,4,62,35,0,1,2,75,68,510.138,191,1,36.138901,-120.368401,170.539001,7,600,58,3,"e00fce6835b6173deb1a1f49",2025-02-11 09:29:56,2025-02-11 09:29:57,2025-02-11 09:29:57,2025-02-11
"115","G3d5LltcKU","MOOSPMv3Parser",1739266201,26,23,18,39,35,19,19,41,41,19,4496,1334,34251,237,144,12,144,144,7,77,144,0,7,6,70,74,507.817,190,1,36.78548,-119.773094,55.741001,8,600,58,3,"e00fce6856818e5885f65487",2025-02-11 09:29:59,2025-02-11 09:29:59,2025-02-11 09:29:59,2025-02-11
"116","Bj6bdRNL7P","MOOSPMv3Parser",1739266800,6,6,4,9,9,4,4,9,9,4,1406,382,57271,53,33,3,33,33,4,63,33,0,0,2,75,68,510.161,192,1,36.138901,-120.368401,170.541,0,600,58,3,"e00fce6835b6173deb1a1f49",2025-02-11 09:39:56,2025-02-11 09:39:57,2025-02-11 09:39:57,2025-02-11
"117","CY8W6KR3FS","MOOSPMv3Parser",1739266801,22,21,14,32,31,15,15,33,33,15,3774,1121,34350,191,113,7,114,114,7,77,114,0,7,6,70,74,507.891,175,1,36.785366,-119.773109,75.744003,8,600,58,3,"e00fce6856818e5885f65487",2025-02-11 09:39:59,2025-02-11 09:39:59,2025-02-11 09:39:59,2025-02-11
"118","bXhDYki2zx","MOOSPMv3Parser",1739267400,6,6,4,9,9,4,4,9,9,4,1365,368,57298,53,31,3,31,31,4,63,31,0,0,2,76,69,510.137,183,1,36.13905,-120.368378,155.718002,8,600,58,3,"e00fce6835b6173deb1a1f49",2025-02-11 09:49:56,2025-02-11 09:49:57,2025-02-11 09:49:57,2025-02-11
"119","Q9uBJoX77a","MOOSPMv3Parser",1739267401,41,31,29,62,47,30,30,66,54,30,6734,2022,34602,389,224,20,225,225,7,77,225,0,7,6,69,74,507.837,172,1,36.785522,-119.773094,94.933998,7,599,58,3,"e00fce6856818e5885f65487",2025-02-11 09:49:59,2025-02-11 09:49:59,2025-02-11 09:49:59,2025-02-11
"120","exSj9o05gt","MOOSPMv3Parser",1739268000,7,7,4,10,10,5,5,11,11,5,1488,402,57328,57,34,4,34,34,4,63,34,0,0,1,75,68,510.102,200,1,36.139,-120.368408,159.863007,8,600,58,3,"e00fce6835b6173deb1a1f49",2025-02-11 09:59:58,2025-02-11 09:59:58,2025-02-11 09:59:58,2025-02-11
"121","rzGY32BRci","MOOSPMv3Parser",1739268001,45,32,35,70,50,36,36,75,60,36,7418,2228,34838,446,271,24,272,272,7,77,272,0,6,5,70,75,507.819,168,1,36.785511,-119.773026,106.233002,7,599,58,3,"e00fce6856818e5885f65487",2025-02-11 09:59:59,2025-02-11 09:59:59,2025-02-11 09:59:59,2025-02-11
"122","t7GCdCtaXq","MOOSPMv3Parser",1739268600,5,5,4,7,7,4,4,8,8,4,1145,310,57353,42,30,2,30,30,4,62,30,0,-1,1,75,67,510.188,173,1,36.138939,-120.368484,160.035995,7,600,58,3,"e00fce6835b6173deb1a1f49",2025-02-11 10:09:56,2025-02-11 10:09:57,2025-02-11 10:09:57,2025-02-11
"123","ZyflgWWaUQ","MOOSPMv3Parser",1739268601,22,21,16,33,31,16,16,35,35,16,3768,1127,34886,202,122,9,122,122,7,78,122,0,6,5,72,76,507.78,161,1,36.785503,-119.773132,57.994999,5,600,58,3,"e00fce6856818e5885f65487",2025-02-11 10:09:59,2025-02-11 10:09:59,2025-02-11 10:09:59,2025-02-11
"124","BnMrKGcT69","MOOSPMv3Parser",1739269201,7,7,7,11,11,8,8,12,12,8,1398,385,57401,71,55,7,56,56,3,63,56,0,-1,1,77,68,510.129,150,1,36.139217,-120.368256,229.326004,7,600,58,3,"e00fce6835b6173deb1a1f49",2025-02-11 10:19:56,2025-02-11 10:19:57,2025-02-11 10:19:57,2025-02-11
"125","BwIlr9y4yN","MOOSPMv3Parser",1739269201,22,21,15,33,31,16,16,34,34,16,3748,1112,34989,201,118,9,119,119,6,79,119,0,6,5,73,77,507.714,161,1,36.785503,-119.773132,57.992001,0,600,58,3,"e00fce6856818e5885f65487",2025-02-11 10:19:59,2025-02-11 10:19:59,2025-02-11 10:19:59,2025-02-11
"126","IrK1fOK3gc","MOOSPMv3Parser",1739269801,3,3,2,4,4,2,2,5,5,2,722,194,57415,26,17,2,17,17,3,63,17,0,-1,1,77,69,510.091,131,1,36.13895,-120.368294,189.516998,8,600,58,3,"e00fce6835b6173deb1a1f49",2025-02-11 10:29:57,2025-02-11 10:29:57,2025-02-11 10:29:57,2025-02-11
"127","EC4X6aFuW6","MOOSPMv3Parser",1739269800,24,22,17,36,34,17,17,38,38,17,4093,1220,35161,224,130,10,131,131,6,79,131,0,5,5,74,78,507.797,160,1,36.785465,-119.773132,74.376999,5,599,58,3,"e00fce6856818e5885f65487",2025-02-11 10:29:58,2025-02-11 10:29:58,2025-02-11 10:29:58,2025-02-11
"128","g4KH9s7zh6","MOOSPMv3Parser",1739270401,3,3,2,4,4,2,2,4,4,2,718,191,57428,26,15,1,15,15,3,64,15,0,-1,1,78,70,510.036,125,1,36.139004,-120.368309,171.718994,5,600,58,3,"e00fce6835b6173deb1a1f49",2025-02-11 10:39:56,2025-02-11 10:39:57,2025-02-11 10:39:57,2025-02-11
"129","zJQdbStqIG","MOOSPMv3Parser",1739270400,26,23,18,39,35,19,19,42,41,19,4318,1289,35227,238,144,12,144,144,6,80,144,0,5,4,75,79,507.745,161,1,36.785465,-119.773186,64.580002,5,600,58,3,"e00fce6856818e5885f65487",2025-02-11 10:39:58,2025-02-11 10:39:58,2025-02-11 10:39:58,2025-02-11
"130","1TpJN87Nup","MOOSPMv3Parser",1739271001,3,3,2,4,4,2,2,5,5,2,764,203,57443,29,18,2,18,18,3,64,18,0,-1,0,77,70,510.079,139,1,36.139034,-120.368393,180.048996,6,600,58,3,"e00fce6835b6173deb1a1f49",2025-02-11 10:49:57,2025-02-11 10:49:57,2025-02-11 10:49:57,2025-02-11
"131","Cfd9lRme1i","MOOSPMv3Parser",1739271000,24,22,16,35,33,17,17,37,37,17,3946,1176,35338,212,127,9,128,128,6,81,128,0,5,4,76,81,507.66,161,1,36.785484,-119.77317,63.040001,7,600,58,3,"e00fce6856818e5885f65487",2025-02-11 10:49:58,2025-02-11 10:49:58,2025-02-11 10:49:58,2025-02-11
"132","xT7s8IPjjW","MOOSPMv3Parser",1739271601,4,4,3,5,5,3,3,5,5,3,823,219,57461,31,20,2,20,20,3,64,20,0,-1,0,77,70,510.09,157,1,36.138962,-120.368301,188.216003,5,600,58,3,"e00fce6835b6173deb1a1f49",2025-02-11 10:59:56,2025-02-11 10:59:57,2025-02-11 10:59:57,2025-02-11
"133","y6S64FFsys","MOOSPMv3Parser",1739271600,22,21,15,33,32,16,16,35,35,16,3689,1101,35500,201,118,9,118,118,6,81,118,0,5,4,77,82,507.546,163,1,36.785439,-119.773247,49.951,8,599,58,3,"e00fce6856818e5885f65487",2025-02-11 10:59:58,2025-02-11 10:59:58,2025-02-11 10:59:58,2025-02-11
"134","prDkVcdKbB","MOOSPMv3Parser",1739272201,7,7,5,11,11,6,6,11,11,6,1459,395,57498,66,43,5,43,43,3,65,43,0,-1,0,77,71,510.142,169,1,36.138962,-120.368301,188.222,0,600,58,3,"e00fce6835b6173deb1a1f49",2025-02-11 11:09:56,2025-02-11 11:09:57,2025-02-11 11:09:57,2025-02-11
"135","hBcKAjl6oA","MOOSPMv3Parser",1739272200,22,21,15,32,32,16,16,35,35,16,3566,1061,35541,188,116,10,116,116,6,82,116,0,5,4,77,84,507.635,162,1,36.785301,-119.773117,57.818001,7,600,58,3,"e00fce6856818e5885f65487",2025-02-11 11:09:58,2025-02-11 11:09:58,2025-02-11 11:09:58,2025-02-11
"136","8yTMkGSnnz","MOOSPMv3Parser",1739272801,26,23,34,45,37,38,40,54,47,41,4803,1351,57723,322,266,36,269,269,3,64,270,1,-1,0,77,70,510.077,208,1,36.13895,-120.368332,185.156006,7,600,58,3,"e00fce6835b6173deb1a1f49",2025-02-11 11:19:56,2025-02-11 11:19:57,2025-02-11 11:19:57,2025-02-11
"137","I5AgydUWY1","MOOSPMv3Parser",1739272800,22,21,15,32,32,16,16,34,34,16,3589,1066,35702,188,117,9,117,117,6,83,117,0,5,4,78,85,507.585,157,1,36.785465,-119.773224,71.418999,7,599,58,3,"e00fce6856818e5885f65487",2025-02-11 11:19:58,2025-02-11 11:19:58,2025-02-11 11:19:58,2025-02-11
"138","VZrvw1QmCN","MOOSPMv3Parser",1739273401,11,11,11,17,17,12,12,19,19,12,2195,602,57795,108,84,10,85,85,3,64,85,0,-1,0,77,71,510.094,181,1,36.139046,-120.368309,173.552002,8,600,58,3,"e00fce6835b6173deb1a1f49",2025-02-11 11:29:56,2025-02-11 11:29:57,2025-02-11 11:29:57,2025-02-11
"139","imhoWPqEgs","MOOSPMv3Parser",1739273400,21,21,14,31,30,15,15,33,33,15,3406,1016,35741,184,113,8,113,113,6,84,113,0,5,4,79,86,507.707,146,1,36.785507,-119.773117,100.819,8,600,58,3,"e00fce6856818e5885f65487",2025-02-11 11:29:58,2025-02-11 11:29:58,2025-02-11 11:29:58,2025-02-11
"140","9hCoFTfJbn","MOOSPMv3Parser",1739274001,9,9,6,12,12,7,7,13,13,7,1712,463,57836,76,48,5,48,48,3,65,48,0,-1,0,78,72,510.101,171,1,36.139038,-120.368378,152.815994,5,600,58,3,"e00fce6835b6173deb1a1f49",2025-02-11 11:39:56,2025-02-11 11:39:57,2025-02-11 11:39:57,2025-02-11
"141","JDVcxK9dJg","MOOSPMv3Parser",1739274000,21,21,14,32,31,15,15,34,34,15,3464,1031,35898,184,111,10,112,112,6,84,112,0,5,4,78,86,507.685,138,1,36.785389,-119.773117,111.418999,6,599,58,3,"e00fce6856818e5885f65487",2025-02-11 11:39:58,2025-02-11 11:39:58,2025-02-11 11:39:58,2025-02-11
"142","OrPZD5XGEh","MOOSPMv3Parser",1739274601,7,7,5,9,9,5,5,10,10,5,1409,379,57868,55,37,4,37,37,3,65,37,0,-1,0,79,71,510.099,165,1,36.139023,-120.368408,197.410995,5,600,58,3,"e00fce6835b6173deb1a1f49",2025-02-11 11:49:57,2025-02-11 11:49:57,2025-02-11 11:49:57,2025-02-11
"143","hYfeAYLEkW","MOOSPMv3Parser",1739274600,21,20,14,31,30,15,15,33,33,15,3365,1002,35933,180,110,9,110,110,5,84,110,0,5,3,77,85,507.67,144,1,36.785389,-119.773117,111.417,0,600,58,3,"e00fce6856818e5885f65487",2025-02-11 11:49:58,2025-02-11 11:49:58,2025-02-11 11:49:58,2025-02-11
"144","t9393HjRqD","MOOSPMv3Parser",1739275201,7,7,5,9,9,5,5,10,10,5,1347,366,57899,54,36,3,36,36,3,66,36,0,-1,0,79,73,510.144,174,1,36.138992,-120.368393,164.626007,5,600,58,3,"e00fce6835b6173deb1a1f49",2025-02-11 11:59:57,2025-02-11 11:59:57,2025-02-11 11:59:57,2025-02-11
"145","17wP5PcNCI","MOOSPMv3Parser",1739275200,21,21,14,32,31,15,15,34,34,15,3479,1036,36032,187,113,10,114,114,5,84,114,0,5,3,77,84,507.645,152,1,36.785324,-119.773209,123.109001,8,600,58,3,"e00fce6856818e5885f65487",2025-02-11 11:59:58,2025-02-11 11:59:58,2025-02-11 11:59:58,2025-02-11
"146","0yFgti9Hq4","MOOSPMv3Parser",1739275801,6,6,4,8,8,4,4,9,9,4,1277,348,57926,48,32,4,32,32,3,66,32,0,-1,328,78,72,510.112,164,1,36.138977,-120.36834,158.645996,5,600,58,3,"e00fce6835b6173deb1a1f49",2025-02-11 12:09:56,2025-02-11 12:09:57,2025-02-11 12:09:57,2025-02-11
"147","hyyNjoZtke","MOOSPMv3Parser",1739275800,20,20,13,29,29,14,14,31,31,14,3270,968,36184,171,106,7,106,106,5,83,106,0,5,3,76,83,507.705,150,1,36.785389,-119.773087,109.405998,5,599,58,3,"e00fce6856818e5885f65487",2025-02-11 12:09:58,2025-02-11 12:09:58,2025-02-11 12:09:58,2025-02-11
"148","WeeLrTAiaE","MOOSPMv3Parser",1739276401,6,6,4,9,9,5,5,10,10,5,1355,368,57955,56,34,5,34,34,3,66,34,0,-1,328,79,73,510.112,169,1,36.138905,-120.368378,176.117996,7,600,58,3,"e00fce6835b6173deb1a1f49",2025-02-11 12:19:56,2025-02-11 12:19:57,2025-02-11 12:19:57,2025-02-11
"149","GFLhblzV0T","MOOSPMv3Parser",1739276400,19,19,13,28,28,14,14,30,30,14,3155,940,36213,162,102,7,102,102,5,82,102,0,5,3,75,82,507.703,148,1,36.785221,-119.772949,72.097,5,600,58,3,"e00fce6856818e5885f65487",2025-02-11 12:19:58,2025-02-11 12:19:58,2025-02-11 12:19:58,2025-02-11
"150","MCaIB2kRkm","MOOSPMv3Parser",1739277001,14,14,9,20,20,10,10,21,21,10,2603,711,58016,119,72,7,72,72,2,64,72,0,-1,327,77,70,510.148,186,1,36.138966,-120.368355,178.473999,4,600,58,3,"e00fce6835b6173deb1a1f49",2025-02-11 12:29:57,2025-02-11 12:29:57,2025-02-11 12:29:57,2025-02-11
"151","5KFMU5iKdd","MOOSPMv3Parser",1739277000,19,19,12,27,27,13,13,29,29,13,3053,905,36298,156,98,8,98,98,5,82,98,0,5,3,74,82,507.695,146,1,36.785484,-119.773201,63.722,10,600,58,3,"e00fce6856818e5885f65487",2025-02-11 12:29:58,2025-02-11 12:29:58,2025-02-11 12:29:58,2025-02-11
"152","8trG3Tc0DS","MOOSPMv3Parser",1739277601,9,9,6,13,13,6,6,14,14,6,1814,489,58056,73,46,5,47,47,2,64,47,0,-2,327,79,71,510.049,152,1,36.138981,-120.368332,179.041,7,600,58,3,"e00fce6835b6173deb1a1f49",2025-02-11 12:39:57,2025-02-11 12:39:57,2025-02-11 12:39:57,2025-02-11
"153","GykQhlDzIF","MOOSPMv3Parser",1739277600,18,18,12,25,25,12,12,26,26,12,2852,842,36437,144,90,6,91,91,5,82,91,0,5,3,73,81,507.563,144,1,36.785374,-119.773155,69.199997,9,599,58,3,"e00fce6856818e5885f65487",2025-02-11 12:39:58,2025-02-11 12:39:58,2025-02-11 12:39:58,2025-02-11
"154","i4YSgWlylU","MOOSPMv3Parser",1739278201,7,7,5,9,9,5,5,10,10,5,1356,370,58088,53,36,4,36,36,2,66,36,0,-2,327,80,73,510.089,145,1,36.138958,-120.368378,167.272995,7,600,58,3,"e00fce6835b6173deb1a1f49",2025-02-11 12:49:57,2025-02-11 12:49:57,2025-02-11 12:49:57,2025-02-11
"155","3zaMNRAddt","MOOSPMv3Parser",1739278200,16,16,11,23,23,11,11,24,24,11,2625,780,36448,130,83,6,83,83,5,81,83,0,5,3,73,80,507.614,143,1,36.785404,-119.773132,53.362999,9,600,58,3,"e00fce6856818e5885f65487",2025-02-11 12:49:58,2025-02-11 12:49:58,2025-02-11 12:49:58,2025-02-11
"156","sCNBk1FRtz","MOOSPMv3Parser",1739278801,4,4,3,5,5,3,3,6,6,3,866,232,58105,34,20,3,20,20,2,66,20,0,-2,327,81,73,510.154,133,1,36.139034,-120.368332,182.511002,6,600,58,3,"e00fce6835b6173deb1a1f49",2025-02-11 12:59:56,2025-02-11 12:59:57,2025-02-11 12:59:57,2025-02-11
"157","dKAkABi27C","MOOSPMv3Parser",1739278800,16,16,10,23,23,11,11,24,24,11,2642,788,36578,134,79,6,80,80,5,81,80,0,4,3,72,80,507.632,142,1,36.785347,-119.773125,66.661003,9,599,58,3,"e00fce6856818e5885f65487",2025-02-11 12:59:58,2025-02-11 12:59:58,2025-02-11 12:59:58,2025-02-11
"158","PSca7av8sv","MOOSPMv3Parser",1739279401,3,3,2,4,4,2,2,5,5,2,711,192,58121,26,18,2,18,18,2,67,18,0,-2,327,80,73,510.168,118,1,36.138966,-120.368401,177.261993,5,600,58,3,"e00fce6835b6173deb1a1f49",2025-02-11 13:09:56,2025-02-11 13:09:57,2025-02-11 13:09:57,2025-02-11
"159","eOXyAg7VCW","MOOSPMv3Parser",1739279400,16,16,10,22,22,11,11,23,23,11,2584,763,36586,126,80,5,80,80,5,81,80,0,4,3,72,80,507.717,143,1,36.785328,-119.773079,72.251999,6,600,58,3,"e00fce6856818e5885f65487",2025-02-11 13:09:58,2025-02-11 13:09:58,2025-02-11 13:09:58,2025-02-11
"160","KlROvzOb1V","MOOSPMv3Parser",1739280001,3,3,2,4,4,2,2,5,5,2,723,197,58137,28,18,2,18,18,2,67,18,0,-1,327,79,74,510.133,123,1,36.139011,-120.368347,178.673996,7,600,58,3,"e00fce6835b6173deb1a1f49",2025-02-11 13:19:57,2025-02-11 13:19:57,2025-02-11 13:19:57,2025-02-11
"161","MKZpGXWgiK","MOOSPMv3Parser",1739280000,16,16,10,23,23,11,11,24,24,11,2690,797,36718,134,81,5,82,82,5,81,82,0,4,3,72,80,507.64,143,1,36.785419,-119.773155,70.903,5,599,58,3,"e00fce6856818e5885f65487",2025-02-11 13:19:58,2025-02-11 13:19:58,2025-02-11 13:19:58,2025-02-11
"162","x35KFXYvbF","MOOSPMv3Parser",1739280601,4,4,3,5,5,3,3,6,6,3,877,235,58154,34,20,3,21,21,2,67,21,0,-2,327,80,74,510.14,163,1,36.138931,-120.368416,155.688995,8,600,58,3,"e00fce6835b6173deb1a1f49",2025-02-11 13:29:56,2025-02-11 13:29:57,2025-02-11 13:29:57,2025-02-11
"163","Hm2okoWEjy","MOOSPMv3Parser",1739280600,17,17,11,24,24,11,11,26,26,11,2820,828,36729,134,82,6,83,83,5,81,83,0,4,3,73,80,507.565,145,1,36.785419,-119.773155,70.903999,0,600,58,3,"e00fce6856818e5885f65487",2025-02-11 13:29:58,2025-02-11 13:29:58,2025-02-11 13:29:58,2025-02-11
"164","FVDBA2T8X8","MOOSPMv3Parser",1739281201,6,6,4,8,8,4,4,9,9,4,1238,332,58180,52,30,4,30,30,2,66,30,0,-2,327,79,73,510.121,165,1,36.139,-120.368484,162.968002,7,600,58,3,"e00fce6835b6173deb1a1f49",2025-02-11 13:39:56,2025-02-11 13:39:57,2025-02-11 13:39:57,2025-02-11
"165","YzHmhCR5GX","MOOSPMv3Parser",1739281200,17,17,10,24,24,11,11,25,25,11,2751,816,36798,135,80,5,80,80,5,81,80,0,4,3,73,81,507.58,149,1,36.785389,-119.773109,68.469002,7,600,58,3,"e00fce6856818e5885f65487",2025-02-11 13:39:58,2025-02-11 13:39:58,2025-02-11 13:39:58,2025-02-11
"166","Y6IDVzIyLI","MOOSPMv3Parser",1739281801,6,6,4,8,8,4,4,8,8,4,1178,320,58205,43,29,3,29,29,2,66,29,0,-2,327,79,72,510.082,166,1,36.139004,-120.36837,170.960007,6,600,58,3,"e00fce6835b6173deb1a1f49",2025-02-11 13:49:57,2025-02-11 13:49:57,2025-02-11 13:49:57,2025-02-11
"167","VQ0miWYtJJ","MOOSPMv3Parser",1739281800,17,17,10,24,24,11,11,26,26,11,2838,838,36869,134,82,6,82,82,5,81,82,0,4,3,74,81,507.605,149,1,36.785316,-119.773117,57.719002,6,600,58,3,"e00fce6856818e5885f65487",2025-02-11 13:49:58,2025-02-11 13:49:58,2025-02-11 13:49:58,2025-02-11
"168","HNWbLnlQoi","MOOSPMv3Parser",1739282401,5,5,4,7,7,4,4,8,8,4,1155,312,58230,49,29,3,29,29,2,66,29,0,-2,327,79,72,510.038,158,1,36.138992,-120.368393,163.492004,8,600,58,3,"e00fce6835b6173deb1a1f49",2025-02-11 13:59:56,2025-02-11 13:59:57,2025-02-11 13:59:57,2025-02-11
"169","NIEIWV23SS","MOOSPMv3Parser",1739282400,17,17,10,24,24,11,11,25,25,11,2811,830,37002,131,82,5,82,82,5,81,82,0,4,2,74,81,507.635,153,1,36.785278,-119.773117,60.028999,6,599,58,3,"e00fce6856818e5885f65487",2025-02-11 13:59:58,2025-02-11 13:59:58,2025-02-11 13:59:58,2025-02-11
"170","Hcvnsi1XI3","MOOSPMv3Parser",1739283001,6,6,4,8,8,4,4,8,8,4,1186,321,58254,49,29,3,29,29,2,67,29,0,-2,327,80,74,510.077,157,1,36.138927,-120.368439,198.160995,6,600,58,3,"e00fce6835b6173deb1a1f49",2025-02-11 14:09:56,2025-02-11 14:09:57,2025-02-11 14:09:57,2025-02-11
"171","ZRgBkaj2mU","MOOSPMv3Parser",1739283000,18,18,11,26,26,11,11,27,27,11,2994,877,37014,141,85,6,85,85,4,82,85,0,4,2,75,81,507.622,161,1,36.785374,-119.773109,73.292,6,600,58,3,"e00fce6856818e5885f65487",2025-02-11 14:09:58,2025-02-11 14:09:58,2025-02-11 14:09:58,2025-02-11
"172","R1AUYkHqPV","MOOSPMv3Parser",1739283601,5,5,3,6,6,3,3,7,7,3,997,268,58276,38,25,2,25,25,2,67,25,0,-2,327,81,74,510.071,144,1,36.138927,-120.368439,198.164993,0,600,58,3,"e00fce6835b6173deb1a1f49",2025-02-11 14:19:57,2025-02-11 14:19:57,2025-02-11 14:19:57,2025-02-11
"173","pSVDmA9Q6p","MOOSPMv3Parser",1739283600,18,18,11,25,25,12,12,27,27,12,2894,854,37089,140,86,5,87,87,4,82,87,0,3,2,76,81,507.488,161,1,36.785442,-119.77314,78.800003,7,600,58,3,"e00fce6856818e5885f65487",2025-02-11 14:19:58,2025-02-11 14:19:58,2025-02-11 14:19:58,2025-02-11
"174","ngJCTQmRoY","MOOSPMv3Parser",1739284201,5,5,3,6,6,3,3,7,7,3,1025,278,58298,41,26,3,26,26,2,67,26,0,-2,327,80,73,510.117,147,1,36.139111,-120.368446,160.451996,7,600,58,3,"e00fce6835b6173deb1a1f49",2025-02-11 14:29:57,2025-02-11 14:29:57,2025-02-11 14:29:57,2025-02-11
"175","CsFGCf4dJg","MOOSPMv3Parser",1739284200,18,18,11,25,25,11,11,27,27,11,2926,862,37163,137,84,7,85,85,4,82,85,0,3,2,75,81,507.573,158,1,36.785492,-119.773132,49.66,5,600,58,3,"e00fce6856818e5885f65487",2025-02-11 14:29:58,2025-02-11 14:29:58,2025-02-11 14:29:58,2025-02-11
"176","K3z7mwNZf7","MOOSPMv3Parser",1739284801,6,6,5,8,8,5,5,9,9,5,1229,336,58328,53,35,4,35,35,2,68,35,0,-2,327,80,75,510.107,167,1,36.139133,-120.368408,183.509995,6,600,58,3,"e00fce6835b6173deb1a1f49",2025-02-11 14:39:56,2025-02-11 14:39:57,2025-02-11 14:39:57,2025-02-11
"177","EQl51BsIy6","MOOSPMv3Parser",1739284800,18,18,11,27,26,12,12,28,28,12,3006,887,37239,143,87,6,87,87,4,82,87,0,3,2,77,82,507.55,157,1,36.785278,-119.773117,75.799004,6,600,58,3,"e00fce6856818e5885f65487",2025-02-11 14:39:58,2025-02-11 14:39:58,2025-02-11 14:39:58,2025-02-11
"178","UKFVBrbRJE","MOOSPMv3Parser",1739285401,8,8,7,12,12,8,8,13,13,8,1494,415,58378,78,58,8,58,58,2,68,58,0,-2,327,80,75,510.079,174,1,36.138916,-120.368347,180.181,5,600,58,3,"e00fce6835b6173deb1a1f49",2025-02-11 14:49:57,2025-02-11 14:49:57,2025-02-11 14:49:57,2025-02-11
"179","GsSiBcGT3g","MOOSPMv3Parser",1739285400,18,18,12,26,26,12,12,27,27,12,3063,899,37319,138,92,4,93,93,4,82,93,0,2,2,78,82,507.549,158,1,36.785362,-119.773163,62.465,9,600,58,3,"e00fce6856818e5885f65487",2025-02-11 14:49:58,2025-02-11 14:49:58,2025-02-11 14:49:58,2025-02-11
"180","FQMjjhn7IJ","MOOSPMv3Parser",1739286001,7,7,6,11,11,7,7,12,12,7,1439,394,58419,67,48,6,48,48,2,68,48,0,-2,327,81,75,510.089,186,1,36.138981,-120.368347,174.645004,5,600,58,3,"e00fce6835b6173deb1a1f49",2025-02-11 14:59:57,2025-02-11 14:59:57,2025-02-11 14:59:57,2025-02-11
"181","wfAQkOEjx0","MOOSPMv3Parser",1739286000,19,19,12,27,27,12,12,29,29,12,3093,907,37398,144,91,7,91,91,4,83,91,0,2,2,80,83,507.518,164,1,36.785397,-119.773102,70.655998,7,600,58,3,"e00fce6856818e5885f65487",2025-02-11 14:59:58,2025-02-11 14:59:58,2025-02-11 14:59:58,2025-02-11
"182","9STwm2m7K2","MOOSPMv3Parser",1739286601,9,9,7,13,13,8,8,15,15,8,1773,486,58468,85,56,7,57,57,2,67,57,0,-2,327,79,74,510.095,199,1,36.139019,-120.368423,167.203003,7,600,58,3,"e00fce6835b6173deb1a1f49",2025-02-11 15:09:57,2025-02-11 15:09:57,2025-02-11 15:09:57,2025-02-11
"183","4vGPt9fxnE","MOOSPMv3Parser",1739286600,20,20,12,27,27,13,13,29,29,13,3197,941,37543,143,95,6,95,95,4,83,95,0,2,2,81,85,507.489,164,1,36.785381,-119.773163,62.745998,10,599,58,3,"e00fce6856818e5885f65487",2025-02-11 15:09:58,2025-02-11 15:09:58,2025-02-11 15:09:58,2025-02-11
"184","udBjW4Pef6","MOOSPMv3Parser",1739287201,9,9,6,12,12,6,6,13,13,6,1748,476,58506,72,44,5,44,44,2,67,44,0,-2,327,78,73,510.061,171,1,36.138939,-120.36837,182.365997,8,600,58,3,"e00fce6835b6173deb1a1f49",2025-02-11 15:19:56,2025-02-11 15:19:57,2025-02-11 15:19:57,2025-02-11
"185","D0u9b87OkX","MOOSPMv3Parser",1739287200,20,20,12,30,30,13,13,31,31,13,3327,979,37564,163,96,7,97,97,4,84,97,0,3,2,80,86,507.374,171,1,36.785381,-119.773163,62.747002,0,600,58,3,"e00fce6856818e5885f65487",2025-02-11 15:19:58,2025-02-11 15:19:58,2025-02-11 15:19:58,2025-02-11
"186","KFKa7XPbbC","MOOSPMv3Parser",1739287801,9,9,4,11,11,5,5,12,12,5,1729,465,58535,62,34,4,34,34,2,67,34,0,-1,327,79,75,510.107,147,1,36.138943,-120.368423,171.477997,8,600,58,3,"e00fce6835b6173deb1a1f49",2025-02-11 15:29:57,2025-02-11 15:29:57,2025-02-11 15:29:57,2025-02-11
"187","iv4C2mU92X","MOOSPMv3Parser",1739287800,21,21,13,30,29,14,14,31,31,14,3422,1008,37716,155,103,7,103,103,4,83,103,0,4,2,77,85,507.56,178,1,36.785393,-119.773201,66.302002,7,599,58,3,"e00fce6856818e5885f65487",2025-02-11 15:29:58,2025-02-11 15:29:58,2025-02-11 15:29:58,2025-02-11
"188","J3S8OB5U9O","MOOSPMv3Parser",1739288401,12,12,10,17,17,10,10,19,19,10,2268,624,58600,110,76,9,76,76,2,68,76,0,0,327,77,76,510.073,154,1,36.138947,-120.368385,179.962006,8,600,58,3,"e00fce6835b6173deb1a1f49",2025-02-11 15:39:57,2025-02-11 15:39:57,2025-02-11 15:39:57,2025-02-11
"189","N1pX0GAhrW","MOOSPMv3Parser",1739288400,20,20,12,29,28,13,13,30,30,13,3351,985,37801,147,97,6,97,97,5,81,97,0,5,2,72,82,507.583,157,1,36.785378,-119.77317,58.049999,7,599,58,3,"e00fce6856818e5885f65487",2025-02-11 15:39:58,2025-02-11 15:39:58,2025-02-11 15:39:58,2025-02-11
"190","g5iaNn1WSg","MOOSPMv3Parser",1739289001,24,22,26,39,35,28,29,45,43,29,4375,1217,58775,262,205,27,206,206,3,69,206,1,1,328,75,77,510.103,178,1,36.139099,-120.368332,167.828003,7,600,58,3,"e00fce6835b6173deb1a1f49",2025-02-11 15:49:56,2025-02-11 15:49:57,2025-02-11 15:49:57,2025-02-11
"191","9NHrlrkKHt","MOOSPMv3Parser",1739289000,18,18,10,25,25,11,11,26,26,11,3036,888,37870,130,79,4,79,79,6,79,79,0,5,3,69,80,507.703,150,1,36.785412,-119.773026,67.890999,5,599,58,3,"e00fce6856818e5885f65487",2025-02-11 15:49:58,2025-02-11 15:49:58,2025-02-11 15:49:58,2025-02-11
"192","kEbaw5THfF","MOOSPMv3Parser",1739289601,19,18,18,31,29,20,20,34,34,20,3726,1005,58898,199,144,19,145,145,3,68,145,0,2,1,70,73,510.121,238,1,36.139,-120.368332,167.901001,8,600,58,3,"e00fce6835b6173deb1a1f49",2025-02-11 15:59:57,2025-02-11 15:59:57,2025-02-11 15:59:57,2025-02-11
"193","JqFMUBsmft","MOOSPMv3Parser",1739289600,17,17,9,22,22,9,9,24,24,9,2830,828,37867,113,70,5,70,70,6,77,70,0,6,3,68,78,507.706,139,1,36.785427,-119.773216,79.097,8,600,58,3,"e00fce6856818e5885f65487",2025-02-11 15:59:58,2025-02-11 15:59:58,2025-02-11 15:59:58,2025-02-11
"194","o5d6GW4vHL","MOOSPMv3Parser",1739290201,9,9,7,13,13,7,7,14,14,7,1851,472,58942,77,52,6,52,52,4,67,52,0,3,2,67,71,510.2,186,1,36.139,-120.368332,167.899994,0,600,58,3,"e00fce6835b6173deb1a1f49",2025-02-11 16:09:56,2025-02-11 16:09:56,2025-02-11 16:09:56,2025-02-11
"195","mLpVT195DK","MOOSPMv3Parser",1739290200,14,14,8,19,19,9,9,20,20,9,2524,733,37987,104,65,4,65,65,7,76,65,0,6,4,67,75,507.905,137,1,36.785492,-119.773132,80.351997,8,599,58,3,"e00fce6856818e5885f65487",2025-02-11 16:09:58,2025-02-11 16:09:58,2025-02-11 16:09:58,2025-02-11
"196","f7gIr7LYlw","MOOSPMv3Parser",1739290801,7,7,6,10,10,6,6,12,12,6,1502,396,58981,58,46,5,46,46,5,64,46,0,4,3,61,65,510.169,201,1,36.138969,-120.368362,181.513,7,600,58,3,"e00fce6835b6173deb1a1f49",2025-02-11 16:19:57,2025-02-11 16:19:57,2025-02-11 16:19:57,2025-02-11
"197","iYOPqkn2hp","MOOSPMv3Parser",1739290801,14,14,8,20,20,8,8,20,20,8,2527,739,37978,108,63,4,63,63,8,74,63,0,7,5,65,72,507.986,133,1,36.785374,-119.773079,75.246002,8,600,58,3,"e00fce6856818e5885f65487",2025-02-11 16:19:58,2025-02-11 16:19:58,2025-02-11 16:19:58,2025-02-11
"198","F4HldRluHF","MOOSPMv3Parser",1739291401,5,5,3,7,7,4,4,8,8,4,1198,313,59005,38,27,3,27,27,6,60,27,0,6,4,56,59,510.248,169,1,36.138958,-120.368401,172.457993,8,600,58,3,"e00fce6835b6173deb1a1f49",2025-02-11 16:29:57,2025-02-11 16:29:57,2025-02-11 16:29:57,2025-02-11
"199","vdSlJM7pPI","MOOSPMv3Parser",1739291401,15,15,8,20,20,8,8,21,21,8,2628,764,38096,107,62,3,62,62,8,72,62,0,7,6,64,70,508.037,126,1,36.785397,-119.773148,87.174004,6,599,58,3,"e00fce6856818e5885f65487",2025-02-11 16:29:58,2025-02-11 16:29:58,2025-02-11 16:29:58,2025-02-11
"200","HQxG0lNHQH","MOOSPMv3Parser",1739292001,3,3,2,4,4,2,2,5,5,2,672,179,59020,27,19,3,19,19,7,58,19,0,7,6,54,56,510.325,100,1,36.139145,-120.368416,167.940994,7,600,58,3,"e00fce6835b6173deb1a1f49",2025-02-11 16:39:56,2025-02-11 16:39:57,2025-02-11 16:39:57,2025-02-11
"201","NKvPHY6Rvg","MOOSPMv3Parser",1739292001,15,15,7,19,19,8,8,20,20,8,2638,769,38082,98,57,4,57,57,9,70,57,0,8,7,63,67,508.113,123,1,36.785374,-119.773178,69.713997,9,600,58,3,"e00fce6856818e5885f65487",2025-02-11 16:39:58,2025-02-11 16:39:58,2025-02-11 16:39:58,2025-02-11
"202","V8n1fJu3od","MOOSPMv3Parser",1739292601,2,2,2,3,3,2,2,3,3,2,640,162,59031,17,13,1,13,13,8,53,13,0,8,8,48,50,510.36,62,1,36.138973,-120.368317,181.406998,6,600,58,3,"e00fce6835b6173deb1a1f49",2025-02-11 16:49:57,2025-02-11 16:49:57,2025-02-11 16:49:57,2025-02-11
"203","3ZO3izN7l1","MOOSPMv3Parser",1739292601,13,13,7,17,17,7,7,17,17,7,2275,661,38128,86,52,3,53,53,10,67,53,0,9,8,61,64,508.237,106,1,36.785389,-119.773155,76.918999,7,600,58,3,"e00fce6856818e5885f65487",2025-02-11 16:49:58,2025-02-11 16:49:58,2025-02-11 16:49:58,2025-02-11
"204","guL4lhsXfR","MOOSPMv3Parser",1739293201,2,2,1,2,2,1,1,2,2,1,529,141,59040,18,11,1,11,11,9,49,11,0,10,9,46,47,510.402,45,3,36.138943,-120.368286,188.128006,5,600,58,3,"e00fce6835b6173deb1a1f49",2025-02-11 16:59:57,2025-02-11 16:59:57,2025-02-11 16:59:57,2025-02-11
"205","S4yGG2ILBI","MOOSPMv3Parser",1739293201,12,12,6,15,15,7,7,16,16,7,2088,610,38170,78,49,2,49,49,10,66,49,0,9,8,61,63,508.279,88,1,36.785362,-119.77314,75.361,7,600,58,3,"e00fce6856818e5885f65487",2025-02-11 16:59:58,2025-02-11 16:59:58,2025-02-11 16:59:58,2025-02-11
"206","gLGGHg6bdR","MOOSPMv3Parser",1739293801,2,2,1,3,3,1,1,3,3,1,519,139,59050,16,11,1,11,11,10,45,11,0,10,10,42,43,510.499,54,4,36.139034,-120.368385,172.477005,7,600,58,3,"e00fce6835b6173deb1a1f49",2025-02-11 17:09:57,2025-02-11 17:09:57,2025-02-11 17:09:57,2025-02-11
"207","A84PbGlpGe","MOOSPMv3Parser",1739293801,9,9,5,12,12,6,6,12,12,6,1664,484,38206,69,42,3,42,42,11,64,42,0,10,9,59,61,508.327,78,2,36.785362,-119.77314,75.359001,0,600,58,3,"e00fce6856818e5885f65487",2025-02-11 17:09:58,2025-02-11 17:09:58,2025-02-11 17:09:58,2025-02-11
"208","peFhXugxyY","MOOSPMv3Parser",1739294400,1,1,1,2,2,1,1,2,2,1,407,109,59157,14,10,1,10,10,11,41,10,0,11,11,42,41,510.507,30,5,36.138969,-120.36834,193.315002,10,599,58,3,"e00fce6835b6173deb1a1f49",2025-02-11 17:19:55,2025-02-11 17:19:56,2025-02-11 17:19:56,2025-02-11
"209","CQWacs2d6K","MOOSPMv3Parser",1739294401,8,8,5,11,11,5,5,11,11,5,1496,435,38241,61,40,2,40,40,11,64,40,0,10,10,60,61,508.419,69,2,36.785526,-119.773163,70.125999,11,600,58,3,"e00fce6856818e5885f65487",2025-02-11 17:19:58,2025-02-11 17:19:58,2025-02-11 17:19:58,2025-02-11
"210","6zPnv916VD","MOOSPMv3Parser",1739295000,2,2,2,3,3,2,2,3,3,2,578,141,59070,17,13,2,13,13,12,39,13,0,12,12,39,40,510.512,31,7,36.138977,-120.368446,168.332993,9,600,58,3,"e00fce6835b6173deb1a1f49",2025-02-11 17:29:55,2025-02-11 17:29:56,2025-02-11 17:29:56,2025-02-11
"211","LTZBUgBQEd","MOOSPMv3Parser",1739295001,1,1,1,2,2,2,2,2,2,2,504,129,35441744,17,11,1,11,11,12,39,11,0,12,12,39,40,510.843,32,8,36.138977,-120.368446,168.332993,9,1,58,3,"e00fce6835b6173deb1a1f49",2025-02-11 17:29:56,2025-02-11 17:29:56,2025-02-11 17:29:56,2025-02-11
"212","HxqG4LEf2q","MOOSPMv3Parser",1739295001,8,8,5,11,11,6,6,11,11,6,1490,433,38341,61,41,2,42,42,12,62,42,0,10,10,59,58,508.431,74,2,36.785351,-119.773132,75.839996,9,599,58,3,"e00fce6856818e5885f65487",2025-02-11 17:29:58,2025-02-11 17:29:58,2025-02-11 17:29:58,2025-02-11
"213","lf8bPDXl8j","MOOSPMv3Parser",1739295600,2,2,1,3,3,1,1,3,3,1,583,145,59177,15,10,1,10,10,13,35,10,0,13,13,35,35,510.56,37,9,36.138992,-120.368454,174.548996,8,599,58,3,"e00fce6835b6173deb1a1f49",2025-02-11 17:39:56,2025-02-11 17:39:56,2025-02-11 17:39:56,2025-02-11
"214","oM3oWIONSX","MOOSPMv3Parser",1739295601,7,7,5,10,10,5,5,11,11,5,1377,398,38312,59,40,3,40,40,12,60,40,0,10,11,58,56,508.495,69,2,36.785408,-119.773254,66.980003,8,600,58,3,"e00fce6856818e5885f65487",2025-02-11 17:39:58,2025-02-11 17:39:58,2025-02-11 17:39:58,2025-02-11
"215","JAic2ZxTRa","MOOSPMv3Parser",1739296200,1,1,1,2,2,1,1,2,2,1,488,119,59087,15,11,1,11,11,14,34,11,0,14,14,36,36,510.592,30,10,36.139008,-120.368309,193.319,9,600,58,3,"e00fce6835b6173deb1a1f49",2025-02-11 17:49:55,2025-02-11 17:49:56,2025-02-11 17:49:56,2025-02-11
"216","WINrAUR725","MOOSPMv3Parser",1739296201,7,7,5,10,10,5,5,11,11,5,1358,397,38408,55,37,3,38,38,13,57,38,0,11,12,56,54,508.602,66,3,36.785332,-119.773155,69.424004,10,599,58,3,"e00fce6856818e5885f65487",2025-02-11 17:49:58,2025-02-11 17:49:58,2025-02-11 17:49:58,2025-02-11
"217","9aayM2U0bq","MOOSPMv3Parser",1739296800,1,1,1,2,2,1,1,2,2,1,432,115,59097,18,11,1,11,11,14,32,11,0,14,15,33,34,510.64,42,11,36.139008,-120.368309,193.322006,0,600,58,3,"e00fce6835b6173deb1a1f49",2025-02-11 17:59:55,2025-02-11 17:59:56,2025-02-11 17:59:56,2025-02-11
"218","FC56aEttw7","MOOSPMv3Parser",1739296801,8,8,5,10,10,5,5,11,11,5,1420,413,38377,58,37,3,37,37,13,55,37,0,11,12,55,53,508.618,62,3,36.785362,-119.773148,74.612999,10,600,58,3,"e00fce6856818e5885f65487",2025-02-11 18:00:04,2025-02-11 18:00:04,2025-02-11 18:00:04,2025-02-11
"219","bDc964EJEh","MOOSPMv3Parser",1739297400,2,2,1,2,2,2,2,3,3,2,693,153,59106,14,11,1,11,11,15,31,11,0,14,15,34,33,510.606,37,12,36.139015,-120.36834,189.360001,18,600,58,3,"e00fce6835b6173deb1a1f49",2025-02-11 18:09:55,2025-02-11 18:09:56,2025-02-11 18:09:56,2025-02-11
"220","JRKaG6Ysdk","MOOSPMv3Parser",1739297401,7,7,5,9,9,5,5,10,10,5,1319,384,38408,52,36,2,36,36,13,54,36,0,11,12,53,50,508.658,45,3,36.785343,-119.773186,80.861,10,600,58,3,"e00fce6856818e5885f65487",2025-02-11 18:09:58,2025-02-11 18:09:58,2025-02-11 18:09:58,2025-02-11
"221","ELa53SYKgr","MOOSPMv3Parser",1739298000,1,1,1,2,2,1,1,2,2,1,457,112,59115,14,10,1,10,10,15,30,10,0,14,16,35,33,510.683,31,13,36.139,-120.368347,181.964005,15,600,58,3,"e00fce6835b6173deb1a1f49",2025-02-11 18:19:55,2025-02-11 18:19:56,2025-02-11 18:19:56,2025-02-11
"222","cyfMEg2aNm","MOOSPMv3Parser",1739298001,7,7,5,9,9,5,5,10,10,5,1348,392,38439,51,36,2,36,36,14,51,36,0,12,13,52,49,508.745,45,3,36.785439,-119.773094,89.697998,12,600,58,3,"e00fce6856818e5885f65487",2025-02-11 18:19:58,2025-02-11 18:19:58,2025-02-11 18:19:58,2025-02-11
"223","vbXiCCjERo","MOOSPMv3Parser",1739298600,1,1,1,2,2,1,1,2,2,1,394,105,59125,15,11,1,11,11,16,27,11,0,15,17,31,29,510.74,44,12,36.139004,-120.368393,173.981995,10,600,58,3,"e00fce6835b6173deb1a1f49",2025-02-11 18:29:56,2025-02-11 18:29:56,2025-02-11 18:29:56,2025-02-11
"224","IZ6TRYWQiF","MOOSPMv3Parser",1739298601,7,7,4,9,9,4,4,10,10,4,1306,380,38468,55,34,3,34,34,14,48,34,0,12,14,49,46,508.836,34,4,36.785553,-119.773178,21.452999,7,600,58,3,"e00fce6856818e5885f65487",2025-02-11 18:29:58,2025-02-11 18:29:58,2025-02-11 18:29:58,2025-02-11
"225","Peg1qEzU3S","MOOSPMv3Parser",1739299200,1,1,1,2,2,1,1,2,2,1,418,107,59133,16,10,1,10,10,16,25,10,0,15,18,30,29,510.727,27,12,36.139011,-120.368408,174.707993,9,600,58,3,"e00fce6835b6173deb1a1f49",2025-02-11 18:39:55,2025-02-11 18:39:56,2025-02-11 18:39:56,2025-02-11
"226","qFmWW0SKGe","MOOSPMv3Parser",1739299201,5,5,4,7,7,4,4,7,7,4,1021,296,38493,41,29,1,29,29,14,47,29,0,13,14,48,46,508.791,18,4,36.785587,-119.773209,52.659,7,600,58,3,"e00fce6856818e5885f65487",2025-02-11 18:39:58,2025-02-11 18:39:58,2025-02-11 18:39:58,2025-02-11
"227","gPZEwhU22f","MOOSPMv3Parser",1739299201,-9,-9,1,-9,-9,1,1,-9,-9,1,-9,-9,8,-9,10,-9,10,10,-10,-10,10,0,19,40,15,9,0.057,104,1,0,0,0,0,435,58,3,"e00fce68d6b773b56ce8baa0",2025-02-11 18:40:02,2025-02-11 18:40:02,2025-02-11 18:40:02,2025-02-11
"228","FYco4Tf3ow","MOOSPMv3Parser",1739299800,1,1,1,1,1,1,1,2,2,1,383,97,59142,12,10,1,10,10,17,23,10,0,16,18,29,26,510.752,26,12,36.139027,-120.368385,175.222,10,600,58,3,"e00fce6835b6173deb1a1f49",2025-02-11 18:49:56,2025-02-11 18:49:56,2025-02-11 18:49:56,2025-02-11
"229","WV4qi9FDjf","MOOSPMv3Parser",1739299801,5,5,4,7,7,4,4,7,7,4,1016,293,38582,38,28,2,28,28,15,44,28,0,13,15,46,43,508.773,14,5,36.785435,-119.77314,71.843002,8,599,58,3,"e00fce6856818e5885f65487",2025-02-11 18:49:58,2025-02-11 18:49:58,2025-02-11 18:49:58,2025-02-11
"230","muG2TeKkTn","MOOSPMv3Parser",1739299801,-9,-9,0,-9,-9,0,0,-9,-9,0,-9,-9,8,-9,2,-9,2,2,-10,-10,2,0,19,44,15,10,0.004,112,2,0,0,0,0,600,58,3,"e00fce68d6b773b56ce8baa0",2025-02-11 18:50:02,2025-02-11 18:50:02,2025-02-11 18:50:02,2025-02-11
"231","oT6FNGWkju","MOOSPMv3Parser",1739300400,1,1,1,2,2,1,1,2,2,1,409,97,59150,13,9,1,9,9,17,23,9,0,16,19,30,27,510.816,34,12,36.138973,-120.36834,190.544998,9,600,58,3,"e00fce6835b6173deb1a1f49",2025-02-11 18:59:56,2025-02-11 18:59:56,2025-02-11 18:59:56,2025-02-11
"232","PyPZkKXqAE","MOOSPMv3Parser",1739300401,6,6,4,8,8,4,4,8,8,4,1106,326,38541,44,27,1,28,28,15,42,28,0,13,15,44,42,508.899,15,6,36.785435,-119.77314,71.835999,0,600,58,3,"e00fce6856818e5885f65487",2025-02-11 18:59:58,2025-02-11 18:59:58,2025-02-11 18:59:58,2025-02-11
"233","8bDjEkzPUX","MOOSPMv3Parser",1739300401,-9,-9,0,-9,-9,0,0,-9,-9,0,-9,-9,10,-9,2,-9,2,2,-10,-10,2,0,19,47,15,10,0,105,2,0,0,0,0,600,58,3,"e00fce68d6b773b56ce8baa0",2025-02-11 19:00:02,2025-02-11 19:00:02,2025-02-11 19:00:02,2025-02-11
"234","WM3isl3QNC","MOOSPMv3Parser",1739301000,1,1,1,1,1,1,1,2,2,1,398,98,59158,13,9,1,9,9,18,22,9,0,16,19,28,26,510.803,88,9,36.139015,-120.368385,176.348007,8,600,58,3,"e00fce6835b6173deb1a1f49",2025-02-11 19:09:55,2025-02-11 19:09:55,2025-02-11 19:09:55,2025-02-11
"235","rAjw6ulVlR","MOOSPMv3Parser",1739301001,6,6,4,8,8,4,4,8,8,4,1106,324,38630,46,28,2,28,28,16,42,28,0,14,15,45,42,508.973,13,6,36.785465,-119.773094,72.889999,9,599,58,3,"e00fce6856818e5885f65487",2025-02-11 19:09:58,2025-02-11 19:09:58,2025-02-11 19:09:58,2025-02-11
"236","gV5JyGAM9h","MOOSPMv3Parser",1739301001,-9,-9,0,-9,-9,0,0,-9,-9,0,-9,-9,11,-9,2,-9,2,2,-10,-10,2,0,19,49,16,10,0,103,2,0,0,0,0,600,58,3,"e00fce68d6b773b56ce8baa0",2025-02-11 19:10:02,2025-02-11 19:10:02,2025-02-11 19:10:02,2025-02-11
"237","z8e02NMnX9","MOOSPMv3Parser",1739301600,1,1,1,1,1,1,1,1,1,1,371,95,59166,12,9,1,9,9,18,21,9,0,17,20,28,26,510.84,43,7,36.139053,-120.36834,191.779999,9,600,58,3,"e00fce6835b6173deb1a1f49",2025-02-11 19:19:56,2025-02-11 19:19:56,2025-02-11 19:19:56,2025-02-11
"238","AnBp8EgZiY","MOOSPMv3Parser",1739301601,6,6,4,8,8,4,4,8,8,4,1157,339,38590,43,28,1,28,28,16,39,28,0,14,16,42,41,508.975,22,6,36.785351,-119.773094,72.875,8,600,58,3,"e00fce6856818e5885f65487",2025-02-11 19:19:58,2025-02-11 19:19:58,2025-02-11 19:19:58,2025-02-11
"239","qJ66xdlAck","MOOSPMv3Parser",1739301601,-9,-9,0,-9,-9,0,0,-9,-9,0,-9,-9,13,-9,2,-9,2,2,-10,-10,2,0,19,50,16,10,0,102,2,0,0,0,0,600,58,3,"e00fce68d6b773b56ce8baa0",2025-02-11 19:20:02,2025-02-11 19:20:02,2025-02-11 19:20:02,2025-02-11
"240","GbQU2rvepL","MOOSPMv3Parser",1739302200,1,1,1,1,1,1,1,2,2,1,357,90,59174,12,9,1,10,10,19,20,10,0,17,20,27,25,510.791,40,8,36.139027,-120.368309,186.701004,8,600,58,3,"e00fce6835b6173deb1a1f49",2025-02-11 19:29:55,2025-02-11 19:29:56,2025-02-11 19:29:56,2025-02-11
"241","jFCVT2tdNH","MOOSPMv3Parser",1739302201,6,6,4,8,8,4,4,8,8,4,1145,331,38614,41,28,2,28,28,16,37,28,0,14,16,41,38,508.967,16,6,36.785336,-119.773102,76.214996,10,600,58,3,"e00fce6856818e5885f65487",2025-02-11 19:29:58,2025-02-11 19:29:58,2025-02-11 19:29:58,2025-02-11
"242","0T32uNyU1p","MOOSPMv3Parser",1739302201,-9,-9,0,-9,-9,0,0,-9,-9,0,-9,-9,15,-9,2,-9,2,2,-10,-10,2,0,19,50,16,10,0,102,1,0,0,0,0,600,58,3,"e00fce68d6b773b56ce8baa0",2025-02-11 19:30:02,2025-02-11 19:30:03,2025-02-11 19:30:03,2025-02-11
"243","6fHwXKdjAr","MOOSPMv3Parser",1739302800,1,1,1,2,2,2,2,2,2,2,378,94,59184,16,11,1,11,11,19,19,11,0,17,21,28,25,510.794,31,8,36.138981,-120.368439,162.498001,6,600,58,3,"e00fce6835b6173deb1a1f49",2025-02-11 19:39:56,2025-02-11 19:39:56,2025-02-11 19:39:56,2025-02-11
"244","osyIQRkpCc","MOOSPMv3Parser",1739302801,5,5,3,7,7,3,3,7,7,3,1059,307,38635,40,25,1,25,25,16,36,25,0,15,16,40,38,509.002,12,6,36.78524,-119.773064,72.876999,8,600,58,3,"e00fce6856818e5885f65487",2025-02-11 19:39:58,2025-02-11 19:39:58,2025-02-11 19:39:58,2025-02-11
"245","RX5vBFprXj","MOOSPMv3Parser",1739302801,-9,-9,0,-9,-9,0,0,-9,-9,0,-9,-9,17,-9,2,-9,2,2,-10,-10,2,0,19,51,16,10,0,101,1,0,0,0,0,600,58,3,"e00fce68d6b773b56ce8baa0",2025-02-11 19:40:01,2025-02-11 19:40:02,2025-02-11 19:40:02,2025-02-11
"246","GFnqBzMqPd","MOOSPMv3Parser",1739303400,1,1,1,1,1,1,1,1,1,1,383,89,59191,10,8,1,8,8,20,17,8,0,17,21,26,23,510.83,28,9,36.138981,-120.368439,162.494995,0,600,58,3,"e00fce6835b6173deb1a1f49",2025-02-11 19:49:55,2025-02-11 19:49:56,2025-02-11 19:49:56,2025-02-11
"247","G7WbkSlQrv","MOOSPMv3Parser",1739303401,5,5,3,6,6,3,3,7,7,3,997,288,38720,36,24,1,24,24,17,36,24,0,15,17,41,38,509.022,9,6,36.785328,-119.77314,72.837997,7,599,58,3,"e00fce6856818e5885f65487",2025-02-11 19:49:58,2025-02-11 19:49:58,2025-02-11 19:49:58,2025-02-11
"248","bxNMfAYoD2","MOOSPMv3Parser",1739303401,-9,-9,0,-9,-9,0,0,-9,-9,0,-9,-9,19,-9,2,-9,2,2,-10,-10,2,0,19,51,16,9,0,96,1,0,0,0,0,600,58,3,"e00fce68d6b773b56ce8baa0",2025-02-11 19:50:02,2025-02-11 19:50:02,2025-02-11 19:50:02,2025-02-11
"249","JqKgVfrCJS","MOOSPMv3Parser",1739304000,1,1,1,1,1,1,1,1,1,1,374,89,59198,12,8,1,8,8,20,17,8,0,17,21,26,23,510.839,32,9,36.138916,-120.368279,156.589005,7,600,58,3,"e00fce6835b6173deb1a1f49",2025-02-11 19:59:56,2025-02-11 19:59:56,2025-02-11 19:59:56,2025-02-11
"250","8VIVXYWrPI","MOOSPMv3Parser",1739304001,5,5,3,7,7,3,3,7,7,3,991,289,38741,36,24,2,24,24,17,33,24,0,15,17,38,36,509.152,12,6,36.785378,-119.773193,82.077003,6,599,58,3,"e00fce6856818e5885f65487",2025-02-11 19:59:58,2025-02-11 19:59:58,2025-02-11 19:59:58,2025-02-11
"251","QaeQFtehV6","MOOSPMv3Parser",1739304001,-9,-9,0,-9,-9,0,0,-9,-9,0,-9,-9,20,-9,2,-9,2,2,-10,-10,2,0,19,51,16,9,0,85,1,0,0,0,0,600,58,3,"e00fce68d6b773b56ce8baa0",2025-02-11 20:00:02,2025-02-11 20:00:02,2025-02-11 20:00:02,2025-02-11
"252","aqCdmxUCYM","MOOSPMv3Parser",1739304600,1,1,1,1,1,1,1,1,1,1,336,84,59205,10,7,1,7,7,20,16,7,0,17,21,25,22,510.773,30,10,36.138977,-120.36837,176.380005,6,600,58,3,"e00fce6835b6173deb1a1f49",2025-02-11 20:09:55,2025-02-11 20:09:55,2025-02-11 20:09:55,2025-02-11
"253","GV6mLiiibd","MOOSPMv3Parser",1739304601,6,6,3,8,8,4,4,8,8,4,1145,333,38765,41,27,1,27,27,17,35,27,0,15,17,40,38,509.062,11,6,36.785351,-119.773048,86.746002,9,599,58,3,"e00fce6856818e5885f65487",2025-02-11 20:09:58,2025-02-11 20:09:58,2025-02-11 20:09:58,2025-02-11
"254","sSCI3ImrlY","MOOSPMv3Parser",1739304601,-9,-9,0,-9,-9,0,0,-9,-9,0,-9,-9,22,-9,2,-9,2,2,-10,-10,2,0,19,51,16,9,0,75,1,0,0,0,0,600,58,3,"e00fce68d6b773b56ce8baa0",2025-02-11 20:10:01,2025-02-11 20:10:02,2025-02-11 20:10:02,2025-02-11
"255","6QgniVu03W","MOOSPMv3Parser",1739305200,1,1,1,1,1,1,1,1,1,1,389,88,59212,11,8,1,8,8,20,16,8,0,18,22,25,22,510.789,33,10,36.139076,-120.368416,188.069,5,600,58,3,"e00fce6835b6173deb1a1f49",2025-02-11 20:19:55,2025-02-11 20:19:56,2025-02-11 20:19:56,2025-02-11
"256","AopFDJ2dpF","MOOSPMv3Parser",1739305201,5,5,3,6,6,3,3,7,7,3,1003,292,38722,33,25,2,25,25,17,31,25,0,15,17,37,35,508.975,12,6,36.785435,-119.773125,85.643997,7,600,58,3,"e00fce6856818e5885f65487",2025-02-11 20:19:58,2025-02-11 20:19:58,2025-02-11 20:19:58,2025-02-11
"257","Cy8ucq0tqj","MOOSPMv3Parser",1739305800,1,1,1,1,1,1,1,1,1,1,357,91,59220,12,9,1,9,9,20,16,9,0,18,22,25,22,510.737,23,11,36.138958,-120.368324,174.781006,6,600,58,3,"e00fce6835b6173deb1a1f49",2025-02-11 20:29:55,2025-02-11 20:29:56,2025-02-11 20:29:56,2025-02-11
"258","R43ACjZXAn","MOOSPMv3Parser",1739305801,5,5,3,7,7,4,4,8,8,4,1084,313,38745,40,27,2,27,27,17,33,27,0,16,17,38,36,508.92,10,6,36.785282,-119.773125,83.476997,7,600,58,3,"e00fce6856818e5885f65487",2025-02-11 20:29:58,2025-02-11 20:29:58,2025-02-11 20:29:58,2025-02-11
"259","jg9TAMPyyc","MOOSPMv3Parser",1739306400,1,1,1,2,2,1,1,2,2,1,373,98,59228,15,10,1,10,10,20,15,10,0,18,22,24,21,510.828,25,11,36.138996,-120.368477,195.869995,6,600,58,3,"e00fce6835b6173deb1a1f49",2025-02-11 20:39:56,2025-02-11 20:39:56,2025-02-11 20:39:56,2025-02-11
"260","QY5pI7FgDW","MOOSPMv3Parser",1739306401,5,5,3,7,7,4,4,7,7,4,1033,300,38833,43,26,2,26,26,17,30,26,0,16,17,34,34,508.991,18,6,36.785343,-119.773102,66.161003,7,599,58,3,"e00fce6856818e5885f65487",2025-02-11 20:39:58,2025-02-11 20:39:58,2025-02-11 20:39:58,2025-02-11
"261","bXLEVJpV7h","MOOSPMv3Parser",1739306400,-9,-9,0,-9,-9,0,0,-9,-9,0,-9,-9,27,-9,2,-9,2,2,-10,-10,2,0,19,51,16,9,0,51,1,0,0,0,0,600,58,3,"e00fce68d6b773b56ce8baa0",2025-02-11 20:40:02,2025-02-11 20:40:03,2025-02-11 20:40:03,2025-02-11
"262","b01fByqJwH","MOOSPMv3Parser",1739307000,1,1,1,2,2,1,1,2,2,1,437,109,59237,16,10,1,10,10,20,15,10,0,18,22,26,22,510.763,26,12,36.139011,-120.368423,192.179993,7,600,58,3,"e00fce6835b6173deb1a1f49",2025-02-11 20:49:55,2025-02-11 20:49:56,2025-02-11 20:49:56,2025-02-11
"263","ATVFTQvKvQ","MOOSPMv3Parser",1739307001,4,4,3,6,6,3,3,6,6,3,894,260,38787,33,23,2,23,23,17,30,23,0,16,17,34,34,508.983,10,6,36.785343,-119.773102,66.155998,0,600,58,3,"e00fce6856818e5885f65487",2025-02-11 20:49:58,2025-02-11 20:49:58,2025-02-11 20:49:58,2025-02-11
"264","YOZZlzQdc5","MOOSPMv3Parser",1739307000,-9,-9,0,-9,-9,0,0,-9,-9,0,-9,-9,29,-9,2,-9,2,2,-10,-10,2,0,19,51,16,9,0,46,1,0,0,0,0,600,58,3,"e00fce68d6b773b56ce8baa0",2025-02-11 20:50:02,2025-02-11 20:50:02,2025-02-11 20:50:02,2025-02-11
"265","A1IKoTbP5b","MOOSPMv3Parser",1739307600,2,2,2,2,2,2,2,3,3,2,512,132,59248,20,13,2,13,13,20,16,13,0,19,22,25,22,510.814,38,12,36.139011,-120.368423,192.179993,0,600,58,3,"e00fce6835b6173deb1a1f49",2025-02-11 20:59:56,2025-02-11 20:59:56,2025-02-11 20:59:56,2025-02-11
"266","t02wDBUAE3","MOOSPMv3Parser",1739307600,4,4,3,5,5,3,3,6,6,3,847,245,38871,30,22,1,22,22,17,28,22,0,16,18,33,32,509.028,8,6,36.785355,-119.77317,93.574997,8,599,58,3,"e00fce6856818e5885f65487",2025-02-11 20:59:57,2025-02-11 20:59:57,2025-02-11 20:59:57,2025-02-11
"267","eoL3K03kem","MOOSPMv3Parser",1739307600,-9,-9,0,-9,-9,0,0,-9,-9,0,-9,-9,31,-9,2,-9,2,2,-10,-10,2,0,19,52,16,9,0,43,1,0,0,0,0,600,58,3,"e00fce68d6b773b56ce8baa0",2025-02-11 21:00:02,2025-02-11 21:00:02,2025-02-11 21:00:02,2025-02-11
"268","Hq2B6gVx56","MOOSPMv3Parser",1739308200,2,2,2,3,3,2,2,4,4,2,567,149,59262,26,16,2,16,16,20,17,16,0,18,22,27,24,510.774,42,11,36.138977,-120.368347,183.529007,10,600,58,3,"e00fce6835b6173deb1a1f49",2025-02-11 21:09:55,2025-02-11 21:09:56,2025-02-11 21:09:56,2025-02-11
"269","IrLUkouW9B","MOOSPMv3Parser",1739308200,3,3,3,5,5,3,3,5,5,3,730,211,38824,26,20,1,20,20,17,28,20,0,16,18,34,32,509.193,7,7,36.785442,-119.77314,76.467003,6,600,58,3,"e00fce6856818e5885f65487",2025-02-11 21:09:57,2025-02-11 21:09:57,2025-02-11 21:09:57,2025-02-11
"270","DS9xRHPXlz","MOOSPMv3Parser",1739308200,-9,-9,0,-9,-9,0,0,-9,-9,0,-9,-9,32,-9,2,-9,2,2,-10,-10,2,0,19,52,16,9,0,40,1,0,0,0,0,600,58,3,"e00fce68d6b773b56ce8baa0",2025-02-11 21:10:02,2025-02-11 21:10:02,2025-02-11 21:10:02,2025-02-11
"271","aC4HZLGkgW","MOOSPMv3Parser",1739308800,2,2,2,3,3,2,2,4,4,2,643,163,59276,26,17,2,17,17,20,17,17,0,18,22,27,24,510.771,46,10,36.139019,-120.368309,184.585007,7,600,58,3,"e00fce6835b6173deb1a1f49",2025-02-11 21:19:55,2025-02-11 21:19:55,2025-02-11 21:19:55,2025-02-11
"272","FlEy4zzFS6","MOOSPMv3Parser",1739308800,3,3,3,5,5,3,3,5,5,3,749,218,38841,28,20,1,20,20,17,25,20,0,16,18,32,30,509.346,5,7,36.785423,-119.773041,46.931999,6,600,58,3,"e00fce6856818e5885f65487",2025-02-11 21:19:57,2025-02-11 21:19:57,2025-02-11 21:19:57,2025-02-11
"273","5Kev0PSTF1","MOOSPMv3Parser",1739308800,-9,-9,0,-9,-9,0,0,-9,-9,0,-9,-9,34,-9,2,-9,2,2,-10,-10,2,0,19,52,16,8,0,38,1,0,0,0,0,600,58,3,"e00fce68d6b773b56ce8baa0",2025-02-11 21:20:02,2025-02-11 21:20:02,2025-02-11 21:20:02,2025-02-11
"274","cI0QtU5H5Q","MOOSPMv3Parser",1739309400,3,3,2,4,4,3,3,4,4,3,678,176,59292,27,19,2,19,19,20,18,19,0,18,22,28,25,510.746,59,10,36.139038,-120.368309,201.108002,6,600,58,3,"e00fce6835b6173deb1a1f49",2025-02-11 21:29:55,2025-02-11 21:29:56,2025-02-11 21:29:56,2025-02-11
"275","rhB9wbBDKk","MOOSPMv3Parser",1739309400,3,3,2,4,4,3,3,4,4,3,663,196,38858,23,19,1,19,19,18,25,19,0,17,19,31,30,509.38,5,8,36.785381,-119.773163,93.311996,8,600,58,3,"e00fce6856818e5885f65487",2025-02-11 21:29:57,2025-02-11 21:29:57,2025-02-11 21:29:57,2025-02-11
"276","Cq4bTfBc4g","MOOSPMv3Parser",1739309400,-9,-9,0,-9,-9,0,0,-9,-9,0,-9,-9,35,-9,2,-9,2,2,-10,-10,2,0,19,52,16,8,0,37,1,0,0,0,0,600,58,3,"e00fce68d6b773b56ce8baa0",2025-02-11 21:30:02,2025-02-11 21:30:02,2025-02-11 21:30:02,2025-02-11
"277","Ni84fYivJi","MOOSPMv3Parser",1739310000,2,2,2,3,3,2,2,4,4,2,565,165,38872,22,16,1,16,16,18,23,16,0,17,19,29,29,509.442,4,8,36.785503,-119.773163,110.058998,6,600,58,3,"e00fce6856818e5885f65487",2025-02-11 21:39:57,2025-02-11 21:39:57,2025-02-11 21:39:57,2025-02-11
"278","pQrcj9uxHo","MOOSPMv3Parser",1739310000,2,2,2,3,3,2,2,4,4,2,677,175,59308,24,19,1,19,19,20,19,19,0,18,22,29,26,510.792,54,9,36.139034,-120.368263,177.403,6,600,58,3,"e00fce6835b6173deb1a1f49",2025-02-11 21:39:57,2025-02-11 21:39:58,2025-02-11 21:39:58,2025-02-11
"279","Cjlfvu9soc","MOOSPMv3Parser",1739310000,-9,-9,0,-9,-9,0,0,-9,-9,0,-9,-9,37,-9,2,-9,2,2,-10,-10,2,0,19,52,16,8,0,35,1,0,0,0,0,600,58,3,"e00fce68d6b773b56ce8baa0",2025-02-11 21:40:02,2025-02-11 21:40:02,2025-02-11 21:40:02,2025-02-11
"280","wz911nmvTi","MOOSPMv3Parser",1739310600,3,3,2,4,4,2,2,5,5,2,783,199,59324,30,18,2,19,19,20,20,19,0,18,22,30,26,510.744,58,9,36.138977,-120.36834,182.537994,7,600,58,3,"e00fce6835b6173deb1a1f49",2025-02-11 21:49:55,2025-02-11 21:49:56,2025-02-11 21:49:56,2025-02-11
"281","vuM3btSCKK","MOOSPMv3Parser",1739310600,3,3,2,4,4,2,2,4,4,2,641,187,38888,20,18,1,18,18,19,23,18,0,17,20,30,29,509.543,3,8,36.785267,-119.773079,100.827003,5,600,58,3,"e00fce6856818e5885f65487",2025-02-11 21:49:57,2025-02-11 21:49:57,2025-02-11 21:49:57,2025-02-11
"282","MpWU3gCjmX","MOOSPMv3Parser",1739310600,-9,-9,0,-9,-9,0,0,-9,-9,0,-9,-9,39,-9,2,-9,2,2,-10,-10,2,0,19,52,16,8,0,34,1,0,0,0,0,600,58,3,"e00fce68d6b773b56ce8baa0",2025-02-11 21:50:03,2025-02-11 21:50:03,2025-02-11 21:50:03,2025-02-11
"283","SF9U0k6PL5","MOOSPMv3Parser",1739311200,3,3,2,4,4,2,2,5,5,2,798,196,59339,28,18,2,18,18,20,19,18,0,18,21,29,25,510.762,54,10,36.13905,-120.368309,191.222,7,600,58,3,"e00fce6835b6173deb1a1f49",2025-02-11 21:59:55,2025-02-11 21:59:56,2025-02-11 21:59:56,2025-02-11
"284","loRlAfBPtb","MOOSPMv3Parser",1739311200,3,3,2,3,3,2,2,4,4,2,614,182,38968,21,18,1,18,18,19,22,18,0,17,20,30,28,509.61,5,7,36.785454,-119.773155,96.222,6,599,58,3,"e00fce6856818e5885f65487",2025-02-11 21:59:57,2025-02-11 21:59:57,2025-02-11 21:59:57,2025-02-11
"285","Nh5wNnh6zF","MOOSPMv3Parser",1739311200,-9,-9,0,-9,-9,0,0,-9,-9,0,-9,-9,41,-9,2,-9,2,2,-10,-10,2,0,19,52,16,8,0.001,33,1,0,0,0,0,600,58,3,"e00fce68d6b773b56ce8baa0",2025-02-11 22:00:03,2025-02-11 22:00:04,2025-02-11 22:00:04,2025-02-11
"286","KnFHLN86Wv","MOOSPMv3Parser",1739311800,3,3,2,4,4,2,2,4,4,2,821,197,59354,25,17,1,17,17,20,20,17,0,18,21,29,26,510.789,54,11,36.139015,-120.368347,185.108994,7,600,58,3,"e00fce6835b6173deb1a1f49",2025-02-11 22:09:56,2025-02-11 22:09:56,2025-02-11 22:09:56,2025-02-11
"287","5I7g1c7Wa8","MOOSPMv3Parser",1739311800,2,2,2,3,3,2,2,3,3,2,548,160,38917,20,16,1,17,17,19,21,17,0,18,21,29,27,509.694,6,6,36.785427,-119.773155,65.283997,6,600,58,3,"e00fce6856818e5885f65487",2025-02-11 22:09:57,2025-02-11 22:09:57,2025-02-11 22:09:57,2025-02-11
"288","sku0PXRwyO","MOOSPMv3Parser",1739312400,2,2,2,3,3,2,2,3,3,2,499,147,38996,18,15,1,15,15,19,19,15,0,18,20,26,26,509.65,7,5,36.7855,-119.773178,65.386002,7,599,58,3,"e00fce6856818e5885f65487",2025-02-11 22:19:57,2025-02-11 22:19:57,2025-02-11 22:19:57,2025-02-11
"289","d3oYaR6b3f","MOOSPMv3Parser",1739313000,2,2,2,2,2,2,2,3,3,2,463,135,38943,18,14,1,14,14,18,19,14,0,17,20,27,26,509.628,5,5,36.7855,-119.773178,65.389999,0,600,58,3,"e00fce6856818e5885f65487",2025-02-11 22:29:57,2025-02-11 22:29:57,2025-02-11 22:29:57,2025-02-11
"290","kwV2Mh2G50","MOOSPMv3Parser",1739313600,1,1,2,2,2,2,2,2,2,2,432,125,38955,15,13,1,13,13,18,19,13,0,17,20,28,27,509.594,4,6,36.785397,-119.773071,69.902,7,600,58,3,"e00fce6856818e5885f65487",2025-02-11 22:39:57,2025-02-11 22:39:57,2025-02-11 22:39:57,2025-02-11
"291","FslPkqjKVT","MOOSPMv3Parser",1739314200,1,1,2,2,2,2,2,2,2,2,411,118,38966,17,13,1,13,13,18,19,13,0,17,19,28,27,509.507,3,7,36.785316,-119.773102,71.495003,7,600,58,3,"e00fce6856818e5885f65487",2025-02-11 22:49:57,2025-02-11 22:49:57,2025-02-11 22:49:57,2025-02-11
"292","4mPAr7NclR","MOOSPMv3Parser",1739314800,2,2,2,2,2,2,2,3,3,2,460,133,39044,17,14,1,14,14,18,19,14,0,17,19,28,27,509.423,3,7,36.785435,-119.773148,70.860001,8,599,58,3,"e00fce6856818e5885f65487",2025-02-11 22:59:57,2025-02-11 22:59:57,2025-02-11 22:59:57,2025-02-11
"293","AuqormDC0h","MOOSPMv3Parser",1739315400,2,2,2,2,2,2,2,2,2,2,435,122,38989,16,13,0,13,13,17,19,13,0,17,18,28,28,509.41,9,8,36.7854,-119.773232,66.958,8,600,58,3,"e00fce6856818e5885f65487",2025-02-11 23:09:57,2025-02-11 23:09:57,2025-02-11 23:09:57,2025-02-11
"294","i9H4Gl3aaU","MOOSPMv3Parser",1739316000,2,2,2,2,2,2,2,2,2,2,422,122,39000,15,12,0,13,13,17,19,13,0,17,18,28,28,509.345,12,8,36.785381,-119.773109,54.631001,10,600,58,3,"e00fce6856818e5885f65487",2025-02-11 23:19:57,2025-02-11 23:19:57,2025-02-11 23:19:57,2025-02-11
"295","DQj2q3fWnV","MOOSPMv3Parser",1739316600,1,1,2,2,2,2,2,3,3,2,432,125,39012,17,13,1,13,13,17,19,13,0,16,18,27,27,509.354,6,9,36.785431,-119.773178,67.626999,9,600,58,3,"e00fce6856818e5885f65487",2025-02-11 23:29:57,2025-02-11 23:29:57,2025-02-11 23:29:57,2025-02-11
"296","pdlaGdMM9F","MOOSPMv3Parser",1739317200,1,1,1,2,2,2,2,2,2,2,445,129,39022,16,11,1,12,12,17,18,12,0,17,18,26,27,509.358,4,11,36.785355,-119.773071,50.556,9,600,58,3,"e00fce6856818e5885f65487",2025-02-11 23:39:57,2025-02-11 23:39:57,2025-02-11 23:39:57,2025-02-11
"297","9Rt8v3Lrt2","MOOSPMv3Parser",1739317200,2,2,1,2,2,1,1,3,3,1,579,132,59467,17,11,1,11,11,19,18,11,0,17,21,29,25,510.739,24,20,36.138973,-120.368446,159.520004,5,600,58,3,"e00fce6835b6173deb1a1f49",2025-02-11 23:40:02,2025-02-11 23:40:03,2025-02-11 23:40:03,2025-02-11
"298","b4uz1FDCV1","MOOSPMv3Parser",1739317800,1,1,1,2,2,2,2,2,2,2,407,117,39032,15,12,1,12,12,17,18,12,0,16,18,26,27,509.374,4,12,36.785305,-119.773125,76.633003,8,600,58,3,"e00fce6856818e5885f65487",2025-02-11 23:49:57,2025-02-11 23:49:57,2025-02-11 23:49:57,2025-02-11
"299","G6At021wAQ","MOOSPMv3Parser",1739317800,1,1,1,2,2,2,2,2,2,2,554,127,59477,14,12,1,12,12,19,18,12,0,17,20,27,25,510.732,31,24,36.138931,-120.368355,171.184998,5,600,58,3,"e00fce6835b6173deb1a1f49",2025-02-11 23:50:02,2025-02-11 23:50:03,2025-02-11 23:50:03,2025-02-11
"300","hrd7nNGipk","MOOSPMv3Parser",1739318400,1,1,1,2,2,1,1,2,2,1,353,101,39041,12,10,1,10,10,16,18,10,0,16,17,26,27,509.248,4,13,36.785381,-119.77314,60.000999,8,600,58,3,"e00fce6856818e5885f65487",2025-02-11 23:59:57,2025-02-11 23:59:57,2025-02-11 23:59:57,2025-02-11
