objectId,event,unixtime,m_PM1_CF1,m_PM1_ATM,m_PM1_b,m_PM25_CF1,m_PM25_ATM,m_PM25_b,m_PM4_b,m_PM10_CF1,m_PM10_ATM,m_PM10_b,n_PM03_P,n_PM05_P,n_PM05_b,n_PM1_P,n_PM1_b,n_PM25_P,n_PM25_b,n_PM4_b,tempC_pms,rh_pms,n_PM10_b,typ_size_b,temp_C,tempC_sen5x,rh,rh_sen5x,o3,vocIdx,noxIdx,lat,lon,alt,sats,counter,moos,ver,coreid,published_at,createdAt,updatedAt
OwV0kBAg7A,MOOSPMv3Parser,1787497200,0,0,3,2,2,3,3,2,2,3,288,195,22988,40,25,4,25,25,24,34,25,0,26,27,33,33,21.784,82,1,36.139011,-120.368332,174.557999,8,600,58,3,e00fce686dc2ef0a68fa40b0,2026-08-23 15:00:02.262000+00:00,2026-08-23T15:00:02.673Z,2026-08-23T15:00:02.673Z
o4wXOKj2LK,MOOSPMv3Parser,1787497200,11,11,7,14,14,7,7,15,15,7,2141,593,171228,77,52,4,52,52,20,66,52,0,23,22,58,59,8.272,96,1,36.523293,-119.278786,92.511002,6,599,58,3,e00fce68f12da1a0c5de6248,2026-08-23 15:00:02.271000+00:00,2026-08-23T15:00:02.764Z,2026-08-23T15:00:02.764Z
Hy2lBnMN6D,MOOSPMv3Parser,1787497200,4,4,4,7,7,4,4,7,7,4,995,272,109934,46,30,4,31,31,21,52,31,0,23,23,50,51,10.086,138,1,35.94957,-119.049927,121.021004,5,600,58,3,e00fce6808784ceaf209f949,2026-08-23 15:00:02.757000+00:00,2026-08-23T15:00:03.232Z,2026-08-23T15:00:03.232Z
VBPV02aEIP,MOOSPMv3Parser,1787497200,4,4,6,7,7,7,7,8,8,7,963,247,83992,56,50,4,50,50,23,28,50,0,30,26,27,35,30.255,90,1,36.13908,-120.368393,186.434006,8,600,58,3,e00fce6850cac69f647dc199,2026-08-23 15:00:02.511000+00:00,2026-08-23T15:00:03.412Z,2026-08-23T15:00:03.412Z
J2w2pKTMU7,MOOSPMv3Parser,1787497200,1,1,3,3,3,6,7,4,4,8,453,129,104745,33,25,4,27,28,24,26,28,1,27,27,34,36,22.874,152,3277,2.8e-05,-0.00422,4852.812988,7,600,58,3,e00fce68e28dcbc9a589be10,2026-08-23 15:00:03.580000+00:00,2026-08-23T15:00:04.016Z,2026-08-23T15:00:04.016Z
iQjUR5N6I0,MOOSPMv3Parser,1787497201,0,0,6,3,3,6,6,3,3,7,319,229,77050,51,47,6,47,47,24,34,47,1,26,26,34,35,18.549,124,1,36.139088,-120.368309,181.126999,6,600,58,3,e00fce68d6b773b56ce8baa0,2026-08-23 15:00:03.575000+00:00,2026-08-23T15:00:04.235Z,2026-08-23T15:00:04.235Z
Slp8nGBFqO,MOOSPMv3Parser,1787497200,1,1,1,1,1,1,1,1,1,1,522,83,158489,12,10,1,10,10,24,34,10,1,25,27,39,38,15.402,221,1,36.762775,-119.798752,63.672001,9,600,58,3,e00fce68e88237db75a60608,2026-08-23 15:00:04.428000+00:00,2026-08-23T15:00:04.683Z,2026-08-23T15:00:04.683Z
Nu0nGSJMdP,MOOSPMv3Parser,1787497201,4,4,0,6,6,0,0,7,7,0,950,242,0,45,0,5,0,0,23,32,0,2,24,26,40,39,12.798,202,1,36.1875,-119.822098,19.834999,10,600,58,3,e00fce68e739ecbcf9e91965,2026-08-23 15:00:04.438000+00:00,2026-08-23T15:00:04.828Z,2026-08-23T15:00:04.828Z
wgqPo53G9i,MOOSPMv3Parser,1787497201,1,1,3,3,3,4,5,5,5,5,441,136,62481,29,19,6,20,21,0,0,21,1,24,23,43,48,12.294,90,1,36.433594,-119.923332,28.664,9,600,58,3,e00fce6876826e255108c6bd,2026-08-23 15:00:05.792000+00:00,2026-08-23T15:00:05.976Z,2026-08-23T15:00:05.976Z
RhDpDqh1jt,MOOSPMv3Parser,1787497800,10,10,6,13,13,7,7,13,13,7,1923,530,171272,67,50,3,50,50,21,64,50,0,23,23,56,58,10.107,88,2,36.522972,-119.27874,151.457001,6,599,58,3,e00fce68f12da1a0c5de6248,2026-08-23 15:10:02.376000+00:00,2026-08-23T15:10:02.529Z,2026-08-23T15:10:02.529Z
199ss1yLFZ,MOOSPMv3Parser,1787497800,4,4,4,6,6,4,4,7,7,4,941,253,109959,40,29,3,29,29,22,50,29,0,24,24,51,51,11.285,129,1,35.949631,-119.049973,124.411003,7,600,58,3,e00fce6808784ceaf209f949,2026-08-23 15:10:02.751000+00:00,2026-08-23T15:10:02.959Z,2026-08-23T15:10:02.959Z
mN2ZocHyub,MOOSPMv3Parser,1787497800,0,0,2,0,0,2,2,0,0,2,217,130,22999,21,14,2,14,14,25,32,14,0,27,28,32,31,25.025,52,2,36.139019,-120.368332,184.776001,6,600,58,3,e00fce686dc2ef0a68fa40b0,2026-08-23 15:10:02.756000+00:00,2026-08-23T15:10:02.983Z,2026-08-23T15:10:02.983Z
hmfaIcqmwU,MOOSPMv3Parser,1787497800,2,2,3,4,4,3,3,4,4,3,679,168,84015,30,26,1,26,26,24,26,26,0,31,28,26,33,36.222,47,2,36.138958,-120.368362,180.546997,9,600,58,3,e00fce6850cac69f647dc199,2026-08-23 15:10:03.151000+00:00,2026-08-23T15:10:03.377Z,2026-08-23T15:10:03.377Z
g4tS0UwXNX,MOOSPMv3Parser,1787497801,0,0,3,1,1,3,3,1,1,3,253,169,77070,32,25,3,25,25,25,32,25,0,26,28,34,34,21.255,84,2,36.139103,-120.368553,163.091003,7,600,58,3,e00fce68d6b773b56ce8baa0,2026-08-23 15:10:03.336000+00:00,2026-08-23T15:10:03.543Z,2026-08-23T15:10:03.543Z
yvLJOJYpCM,MOOSPMv3Parser,1787497800,3,3,9,7,7,23,35,9,9,40,732,211,104776,67,58,11,71,73,25,25,73,1,27,28,33,33,23.184,143,3277,2.8e-05,-0.00422,4852.812988,7,600,58,3,e00fce68e28dcbc9a589be10,2026-08-23 15:10:03.477000+00:00,2026-08-23T15:10:03.630Z,2026-08-23T15:10:03.630Z
FiaQYw27BH,MOOSPMv3Parser,1787497800,1,1,1,1,1,1,2,1,1,2,519,82,158497,10,11,1,11,11,24,32,11,0,25,28,38,36,16.658,224,1,36.762775,-119.798752,63.674999,0,600,58,3,e00fce68e88237db75a60608,2026-08-23 15:10:04.430000+00:00,2026-08-23T15:10:04.600Z,2026-08-23T15:10:04.600Z
aJngTwd47x,MOOSPMv3Parser,1787497801,8,8,0,15,15,0,0,17,17,0,1829,488,0,99,0,14,0,0,24,29,0,2,25,27,38,37,12.442,220,1,36.187489,-119.82206,28.673,5,600,58,3,e00fce68e739ecbcf9e91965,2026-08-23 15:10:04.437000+00:00,2026-08-23T15:10:04.620Z,2026-08-23T15:10:04.620Z
P1nUuGrvLU,MOOSPMv3Parser,1787497801,1,1,3,3,3,4,4,4,4,5,390,120,62497,26,19,4,20,21,0,0,21,1,24,24,43,47,12.002,90,1,36.433685,-119.923317,28.676001,8,600,58,3,e00fce6876826e255108c6bd,2026-08-23 15:10:05.861000+00:00,2026-08-23T15:10:06.034Z,2026-08-23T15:10:06.034Z
mOIrBSq9wr,MOOSPMv3Parser,1787498400,2,2,3,3,3,3,3,4,4,3,621,155,84036,30,24,2,24,24,26,23,24,0,32,29,24,30,39.12,35,2,36.138981,-120.368332,170.531006,9,600,58,3,e00fce6850cac69f647dc199,2026-08-23 15:20:02.582000+00:00,2026-08-23T15:20:02.863Z,2026-08-23T15:20:02.863Z
2ByPOG7x20,MOOSPMv3Parser,1787498400,9,9,6,12,12,7,7,13,13,7,1859,512,171315,65,50,4,50,50,21,62,50,0,24,23,54,56,11.283,80,2,36.523304,-119.278786,90.681999,7,599,58,3,e00fce68f12da1a0c5de6248,2026-08-23 15:20:02.740000+00:00,2026-08-23T15:20:02.896Z,2026-08-23T15:20:02.896Z
VQEL9EnFKO,MOOSPMv3Parser,1787498400,4,4,4,7,7,4,4,7,7,4,1002,273,109984,46,28,4,28,28,22,48,28,0,25,25,47,48,12.128,128,2,35.949577,-119.050018,110.973999,9,600,58,3,e00fce6808784ceaf209f949,2026-08-23 15:20:02.839000+00:00,2026-08-23T15:20:03.017Z,2026-08-23T15:20:03.017Z
oDySRDyPBc,MOOSPMv3Parser,1787498400,0,0,2,0,0,2,2,0,0,2,217,129,23011,21,13,2,13,13,26,30,13,0,28,30,30,29,25.84,44,2,36.139019,-120.368332,184.774994,0,600,58,3,e00fce686dc2ef0a68fa40b0,2026-08-23 15:20:03.071000+00:00,2026-08-23T15:20:03.331Z,2026-08-23T15:20:03.331Z
vkBbCtynpb,MOOSPMv3Parser,1787498400,2,2,7,6,6,17,26,7,7,30,659,188,104797,52,42,7,52,53,26,23,53,1,28,29,31,31,23.828,127,3277,2.8e-05,-0.00422,4852.812988,7,600,58,3,e00fce68e28dcbc9a589be10,2026-08-23 15:20:03.401000+00:00,2026-08-23T15:20:03.627Z,2026-08-23T15:20:03.627Z
hGPJIAzDxg,MOOSPMv3Parser,1787498401,0,0,3,0,0,3,3,1,1,3,247,165,77091,30,25,3,25,25,26,30,25,0,26,29,34,30,22.555,68,2,36.139057,-120.368393,182.572998,5,600,58,3,e00fce68d6b773b56ce8baa0,2026-08-23 15:20:03.826000+00:00,2026-08-23T15:20:04.050Z,2026-08-23T15:20:04.050Z
BYpPGZv2FD,MOOSPMv3Parser,1787498400,1,1,1,1,1,1,2,1,1,2,553,85,158505,11,11,1,11,11,25,31,11,1,26,28,38,36,16.793,213,1,36.762691,-119.798752,59.330002,9,600,58,3,e00fce68e88237db75a60608,2026-08-23 15:20:04.429000+00:00,2026-08-23T15:20:04.593Z,2026-08-23T15:20:04.593Z
UJcakOzwXh,MOOSPMv3Parser,1787498401,5,5,0,8,8,0,0,9,9,0,1145,294,0,51,0,5,0,0,25,28,0,2,25,28,37,35,13.861,196,1,36.187489,-119.821983,33.566002,7,600,58,3,e00fce68e739ecbcf9e91965,2026-08-23 15:20:04.437000+00:00,2026-08-23T15:20:04.612Z,2026-08-23T15:20:04.612Z
kHzGuE5fEy,MOOSPMv3Parser,1787498401,1,1,2,2,2,3,4,4,4,4,385,117,62510,25,16,5,17,17,0,0,17,1,25,24,42,46,12.163,90,1,36.433601,-119.923393,27.721001,8,600,58,3,e00fce6876826e255108c6bd,2026-08-23 15:20:05.941000+00:00,2026-08-23T15:20:06.128Z,2026-08-23T15:20:06.128Z
wYkeSXL7Wp,MOOSPMv3Parser,1787499000,8,8,6,11,11,6,6,12,12,6,1681,458,171356,62,45,3,46,46,22,61,46,0,24,24,53,56,12.264,76,2,36.523273,-119.278778,84.553001,7,599,58,3,e00fce68f12da1a0c5de6248,2026-08-23 15:30:02.345000+00:00,2026-08-23T15:30:02.551Z,2026-08-23T15:30:02.551Z
QPQHiRyj47,MOOSPMv3Parser,1787499000,2,2,3,4,4,3,3,4,4,3,642,158,84056,33,23,1,23,23,27,20,23,0,33,31,23,28,40.667,32,3,36.138962,-120.368393,188.636002,7,600,58,3,e00fce6850cac69f647dc199,2026-08-23 15:30:02.583000+00:00,2026-08-23T15:30:02.781Z,2026-08-23T15:30:02.781Z
dBLvsEwLpD,MOOSPMv3Parser,1787499000,4,4,4,7,7,4,4,7,7,5,1055,282,110012,47,32,3,32,33,23,51,33,0,26,26,46,51,12.585,130,2,35.949535,-119.049965,108.778,8,600,58,3,e00fce6808784ceaf209f949,2026-08-23 15:30:02.751000+00:00,2026-08-23T15:30:03.117Z,2026-08-23T15:30:03.117Z
r0I89ZX2Tf,MOOSPMv3Parser,1787499000,0,0,2,0,0,2,2,0,0,2,201,117,23021,18,12,1,12,12,27,29,12,0,28,31,29,27,27.589,43,2,36.139015,-120.368431,174.014999,9,600,58,3,e00fce686dc2ef0a68fa40b0,2026-08-23 15:30:03.227000+00:00,2026-08-23T15:30:03.437Z,2026-08-23T15:30:03.437Z
d4oqXaOdAk,MOOSPMv3Parser,1787499001,0,0,3,0,0,3,3,1,1,3,243,157,77111,29,23,3,23,23,27,29,23,0,26,31,34,29,23.443,62,3,36.138985,-120.368431,188.490005,9,600,58,3,e00fce68d6b773b56ce8baa0,2026-08-23 15:30:03.235000+00:00,2026-08-23T15:30:03.448Z,2026-08-23T15:30:03.448Z
Bc2hLBpOZX,MOOSPMv3Parser,1787499000,1,1,2,1,1,3,4,2,2,4,332,93,104808,15,14,1,15,15,26,21,15,1,28,30,30,29,24.75,110,3277,2.8e-05,-0.00422,4852.812988,7,600,58,3,e00fce68e28dcbc9a589be10,2026-08-23 15:30:03.625000+00:00,2026-08-23T15:30:03.851Z,2026-08-23T15:30:03.851Z
tgDrxxpCGo,MOOSPMv3Parser,1787499000,1,1,1,1,1,2,2,1,1,2,551,84,158515,10,12,1,12,12,26,29,12,1,26,29,36,33,17.552,203,1,36.76276,-119.798752,64.765999,9,600,58,3,e00fce68e88237db75a60608,2026-08-23 15:30:04.589000+00:00,2026-08-23T15:30:04.762Z,2026-08-23T15:30:04.762Z
KclgSLcPUE,MOOSPMv3Parser,1787499001,4,4,0,6,6,0,0,6,6,0,919,231,0,39,0,4,0,0,26,26,0,2,26,29,35,34,14.832,178,1,36.187489,-119.821983,33.564999,0,600,58,3,e00fce68e739ecbcf9e91965,2026-08-23 15:30:04.589000+00:00,2026-08-23T15:30:04.779Z,2026-08-23T15:30:04.779Z
zfCb3tTds1,MOOSPMv3Parser,1787499001,1,1,2,2,2,3,3,2,2,3,317,97,62522,16,15,2,16,16,0,0,16,1,25,25,42,44,12.868,90,1,36.433567,-119.92337,34.012001,7,600,58,3,e00fce6876826e255108c6bd,2026-08-23 15:30:05.859000+00:00,2026-08-23T15:30:06.054Z,2026-08-23T15:30:06.054Z
RKpckvTlkM,MOOSPMv3Parser,1787499600,8,8,6,10,10,6,6,11,11,6,1583,436,171110,54,45,3,45,45,22,57,45,0,25,24,50,53,13.354,72,3,36.523273,-119.278778,84.556,0,600,58,3,e00fce68f12da1a0c5de6248,2026-08-23 15:40:02.220000+00:00,2026-08-23T15:40:02.368Z,2026-08-23T15:40:02.368Z
QbsZm6YYLa,MOOSPMv3Parser,1787499600,5,5,4,8,8,5,5,8,8,5,1177,323,110042,53,34,4,35,35,24,46,35,0,27,27,43,44,12.75,135,2,35.949501,-119.049995,104.876999,7,600,58,3,e00fce6808784ceaf209f949,2026-08-23 15:40:02.506000+00:00,2026-08-23T15:40:02.709Z,2026-08-23T15:40:02.709Z
UjIeNFclHp,MOOSPMv3Parser,1787499600,2,2,3,3,3,3,3,3,3,3,560,136,84074,25,20,2,20,20,28,18,20,0,34,32,21,26,43.611,27,3,36.138916,-120.368439,174.850998,7,600,58,3,e00fce6850cac69f647dc199,2026-08-23 15:40:02.594000+00:00,2026-08-23T15:40:02.875Z,2026-08-23T15:40:02.875Z
WDqU08qDBe,MOOSPMv3Parser,1787499600,1,1,2,2,2,3,4,2,2,4,362,104,104821,21,16,2,17,17,27,20,17,1,29,31,30,29,25.763,97,3277,2.8e-05,-0.00422,4852.812988,7,600,58,3,e00fce68e28dcbc9a589be10,2026-08-23 15:40:03.394000+00:00,2026-08-23T15:40:03.580Z,2026-08-23T15:40:03.580Z
6K8RiWAhz8,MOOSPMv3Parser,1787499600,0,0,1,0,0,1,1,0,0,1,190,104,23029,17,10,1,10,10,28,28,10,0,29,32,27,26,28.845,37,2,36.139,-120.36837,165.591995,6,600,58,3,e00fce686dc2ef0a68fa40b0,2026-08-23 15:40:03.458000+00:00,2026-08-23T15:40:03.619Z,2026-08-23T15:40:03.619Z
OR0BbQfK7M,MOOSPMv3Parser,1787499601,0,0,3,0,0,3,3,0,0,3,224,144,77128,23,20,2,20,20,28,28,20,0,26,32,34,27,25.923,51,3,36.138985,-120.368431,188.483994,0,600,58,3,e00fce68d6b773b56ce8baa0,2026-08-23 15:40:03.495000+00:00,2026-08-23T15:40:03.649Z,2026-08-23T15:40:03.649Z
6PVOziwZrt,MOOSPMv3Parser,1787499601,1,1,0,2,2,0,0,2,2,0,470,107,0,18,0,2,0,0,26,24,0,2,27,30,33,32,17.373,136,1,36.187458,-119.822029,21.118,13,600,58,3,e00fce68e739ecbcf9e91965,2026-08-23 15:40:04.364000+00:00,2026-08-23T15:40:04.537Z,2026-08-23T15:40:04.537Z
u0Hggjlkpy,MOOSPMv3Parser,1787499600,1,1,1,1,1,1,1,1,1,1,530,81,158523,13,9,1,9,9,26,27,9,1,26,30,35,32,20.106,139,1,36.762726,-119.798714,65.316002,7,600,58,3,e00fce68e88237db75a60608,2026-08-23 15:40:04.432000+00:00,2026-08-23T15:40:04.621Z,2026-08-23T15:40:04.621Z
okeBnWyoYU,MOOSPMv3Parser,1787499601,1,1,2,2,2,2,3,3,3,3,324,100,62535,23,15,4,15,15,0,0,15,1,25,26,42,42,14.053,90,2,36.433548,-119.923325,34.043999,7,600,58,3,e00fce6876826e255108c6bd,2026-08-23 15:40:06.060000+00:00,2026-08-23T15:40:06.218Z,2026-08-23T15:40:06.218Z
rIXPrFwULa,MOOSPMv3Parser,1787499601,1,1,1,2,2,1,2,2,2,2,931,112,37655,15,10,1,10,10,25,28,10,0,27,28,35,36,24.599,156,2,36.503155,-120.325378,56.668999,9,600,58,3,e00fce68e77e43df92405fdb,2026-08-23 15:40:08.129000+00:00,2026-08-23T15:40:08.309Z,2026-08-23T15:40:08.309Z
2axFgy0SNM,MOOSPMv3Parser,1787500200,1,1,2,2,2,3,3,3,3,3,358,109,62967,21,15,4,15,16,1,0,16,1,26,27,39,41,14.776,90,2,36.433472,-119.923393,28.677,6,596,58,3,e00fce6876826e255108c6bd,2026-08-23 15:50:01.934000+00:00,2026-08-23T15:50:02.099Z,2026-08-23T15:50:02.099Z
xy2s645XZK,MOOSPMv3Parser,1787500200,7,7,6,10,10,6,6,11,11,6,1569,431,171436,57,47,3,47,47,22,56,47,0,25,25,48,51,14.521,62,3,36.523312,-119.27877,90.809998,8,599,58,3,e00fce68f12da1a0c5de6248,2026-08-23 15:50:02.199000+00:00,2026-08-23T15:50:02.380Z,2026-08-23T15:50:02.380Z
Ut4imWG64b,MOOSPMv3Parser,1787500201,1,1,1,1,1,2,2,1,1,2,721,92,37664,13,11,1,11,11,25,27,11,0,27,28,34,35,27.349,121,2,36.503048,-120.325386,39.972,8,600,58,3,e00fce68e77e43df92405fdb,2026-08-23 15:50:02.351000+00:00,2026-08-23T15:50:02.700Z,2026-08-23T15:50:02.700Z
SzwlNTsWJ4,MOOSPMv3Parser,1787500200,0,0,1,0,0,1,1,0,0,1,182,98,23038,15,11,1,11,11,29,26,11,0,30,33,26,24,30.38,28,2,36.139,-120.368401,176.490005,7,600,58,3,e00fce686dc2ef0a68fa40b0,2026-08-23 15:50:02.565000+00:00,2026-08-23T15:50:02.907Z,2026-08-23T15:50:02.907Z
9WPmQeMZX7,MOOSPMv3Parser,1787500200,5,5,4,8,8,4,5,8,8,5,1174,322,110070,54,33,3,33,33,25,44,33,0,28,29,44,44,14.02,135,2,35.949501,-119.049995,104.875,0,600,58,3,e00fce6808784ceaf209f949,2026-08-23 15:50:02.576000+00:00,2026-08-23T15:50:03.126Z,2026-08-23T15:50:03.126Z
sF5tmwhrw1,MOOSPMv3Parser,1787500200,1,1,2,3,3,3,3,3,3,3,535,126,84090,22,19,2,19,19,29,17,19,0,34,33,21,25,45.88,18,3,36.139015,-120.368446,176.957001,6,600,58,3,e00fce6850cac69f647dc199,2026-08-23 15:50:03.240000+00:00,2026-08-23T15:50:03.425Z,2026-08-23T15:50:03.425Z
ixu2AGYNNJ,MOOSPMv3Parser,1787500201,0,0,2,0,0,2,2,0,0,2,215,134,77142,21,17,2,18,18,29,26,18,0,26,33,34,26,27.472,34,3,36.139019,-120.3685,172.608002,9,600,58,3,e00fce68d6b773b56ce8baa0,2026-08-23 15:50:03.325000+00:00,2026-08-23T15:50:03.507Z,2026-08-23T15:50:03.507Z
A321E4KSB6,MOOSPMv3Parser,1787500200,1,1,2,1,1,2,3,2,2,3,318,90,104831,16,13,1,14,14,28,19,14,1,29,32,29,27,26.567,102,3277,2.8e-05,-0.00422,4852.812988,7,600,58,3,e00fce68e28dcbc9a589be10,2026-08-23 15:50:03.713000+00:00,2026-08-23T15:50:03.880Z,2026-08-23T15:50:03.880Z
OVZML2ESLn,MOOSPMv3Parser,1787500201,1,1,0,3,3,0,0,3,3,0,501,122,0,22,0,3,0,0,27,22,0,2,28,30,32,31,19.049,112,1,36.187416,-119.822037,34.754002,10,600,58,3,e00fce68e739ecbcf9e91965,2026-08-23 15:50:04.518000+00:00,2026-08-23T15:50:04.678Z,2026-08-23T15:50:04.678Z
3gHHJhoNYC,MOOSPMv3Parser,1787500200,1,1,1,1,1,2,2,1,1,2,572,90,158531,12,11,1,11,11,27,26,11,0,27,31,35,32,21.064,148,1,36.762646,-119.798813,67.429001,7,600,58,3,e00fce68e88237db75a60608,2026-08-23 15:50:04.588000+00:00,2026-08-23T15:50:04.755Z,2026-08-23T15:50:04.755Z
